1612422000000,1679.71,1679.86,1508.02,1679.71,27.262,1612422059999,41697.96632,49,27.171,41559.24423,0
1612422060000,1622.81,1729.00,1622.81,1664.00,161.174,1612422119999,270322.34592,376,72.879,121819.65764,0
1612422120000,1664.00,1691.77,1660.00,1675.00,411.403,1612422179999,688448.84519,826,75.256,126001.93896,0
1612422180000,1681.66,1681.67,1610.00,1632.82,603.946,1612422239999,988216.99887,1198,110.189,180901.23921,0
1612422240000,1632.82,1646.82,1611.00,1629.71,441.243,1612422299999,716847.26860,881,48.315,78444.71453,0
1612422300000,1629.71,1749.00,1620.48,1672.00,622.587,1612422359999,1031821.94852,3433,291.129,489835.91436,0
1612422360000,1700.00,1770.00,1664.74,1729.06,770.603,1612422419999,1331681.77078,2308,515.025,894623.74655,0
1612422420000,1741.00,1766.65,1670.00,1700.00,820.490,1612422479999,1400176.67027,2404,270.267,465660.40245,0
1612422480000,1709.96,1724.70,1695.00,1704.56,293.237,1612422539999,500227.59672,1857,126.996,217791.81181,0
1612422540000,1721.10,1740.00,1700.00,1716.02,596.391,1612422599999,1028000.49184,4052,338.509,585746.14117,0
1612422600000,1733.93,1768.72,1716.02,1754.76,658.138,1612422659999,1149447.87538,4457,419.903,735814.76258,0
1612422660000,1744.51,1774.99,1740.00,1755.00,478.125,1612422719999,840281.29085,5130,295.631,521152.64304,0
1612422720000,1769.38,1783.13,1748.88,1764.57,350.546,1612422779999,619454.64117,4137,225.243,398977.92238,0
1612422780000,1764.57,1790.12,1759.91,1777.00,346.824,1612422839999,615717.43990,3489,206.748,367869.08208,0
1612422840000,1777.57,1790.11,1768.63,1780.00,157.286,1612422899999,279989.31943,708,109.805,195686.23754,0
1612422900000,1779.99,1793.79,1772.81,1783.00,67.343,1612422959999,119993.44036,221,49.135,87612.96088,0
1612422960000,1772.82,1789.00,1772.82,1780.00,14.610,1612423019999,26038.64860,68,9.788,17473.33412,0
1612423020000,1780.00,1780.00,1775.16,1775.16,3.696,1612423079999,6573.36575,29,2.728,4853.12660,0
1612423080000,1779.00,1780.00,1775.16,1780.00,1.898,1612423139999,3377.31738,14,1.897,3375.54222,0
1612423140000,1779.00,1779.00,1768.49,1771.48,10.435,1612423199999,18475.85569,15,0.090,159.43320,0
1612423200000,1776.85,1776.85,1771.54,1771.54,0.200,1612423259999,354.54847,8,0.197,349.23385,0
1612423260000,1780.16,1780.16,1775.02,1776.33,1.200,1612423319999,2130.30034,5,0.000,0.00000,0
1612423320000,1775.02,1780.00,1775.02,1778.09,0.609,1612423379999,1082.21713,9,0.163,290.13958,0
1612423380000,1777.19,1779.99,1776.38,1777.21,2.851,1612423439999,5070.81941,20,1.716,3054.46284,0
1612423440000,1779.98,1779.98,1776.38,1776.39,8.770,1612423499999,15580.28176,62,0.394,701.17004,0
1612423500000,1776.38,1776.93,1770.39,1776.93,42.102,1612423559999,74714.84413,16,29.222,51869.92666,0
1612423560000,1779.97,1779.97,1775.03,1779.97,1.240,1612423619999,2201.84368,7,0.082,145.95754,0
1612423620000,1775.03,1779.97,1775.03,1775.86,1.399,1612423679999,2487.64375,6,1.085,1930.18241,0
1612423680000,1776.19,1779.97,1775.96,1779.97,0.442,1612423739999,785.20235,4,0.407,723.03570,0
1612423740000,1779.97,1779.97,1776.04,1776.04,0.105,1612423799999,186.49206,2,0.105,186.49206,0
1612423800000,1776.21,1779.97,1771.60,1774.22,2.671,1612423859999,4739.57214,8,0.269,478.19529,0
1612423860000,1774.22,1774.63,1770.38,1770.38,9.456,1612423919999,16743.51595,14,0.145,257.32135,0
1612423920000,1774.37,1776.30,1770.38,1774.92,2.954,1612423979999,5234.74336,9,0.915,1624.76148,0
1612423980000,1776.30,1776.30,1774.92,1774.92,0.722,1612424039999,1282.37820,3,0.642,1140.38460,0
1612424040000,1775.24,1775.31,1770.39,1770.42,0.310,1612424099999,549.88074,12,0.216,383.46304,0
1612424100000,1770.43,1779.97,1770.39,1779.97,16.812,1612424159999,29890.77430,46,16.667,29633.53525,0
1612424160000,1779.97,1779.98,1775.32,1779.06,0.411,1612424219999,730.80696,15,0.168,298.92736,0
1612424220000,1778.84,1779.97,1775.32,1779.97,0.401,1612424279999,712.28312,4,0.080,142.33148,0
1612424280000,1778.41,1779.97,1775.70,1778.71,0.576,1612424339999,1024.27313,5,0.183,325.73451,0
1612424340000,1779.97,1779.97,1774.78,1779.97,0.595,1612424399999,1056.58430,43,0.183,325.29794,0
1612424400000,1778.28,1779.13,1770.38,1770.38,2.705,1612424459999,4797.52915,9,0.207,368.02577,0
1612424460000,1770.38,1776.39,1770.38,1770.38,2.600,1612424519999,4603.61253,25,0.003,5.32646,0
1612424520000,1775.10,1775.10,1770.38,1774.06,19.465,1612424579999,34460.77623,5,0.009,15.96855,0
1612424580000,1770.38,1774.70,1770.38,1774.70,0.510,1612424639999,903.50886,22,0.165,292.72776,0
1612424640000,1773.24,1774.70,1770.38,1770.38,0.486,1612424699999,861.15009,5,0.134,237.71928,0
1612424700000,1772.52,1773.80,1767.42,1767.42,9.408,1612424759999,16656.07893,60,0.097,172.04185,0
1612424760000,1769.17,1773.00,1754.90,1754.90,20.323,1612424819999,35782.74443,52,0.155,273.98588,0
1612424820000,1770.40,1770.50,1757.01,1767.57,1.928,1612424879999,3388.53381,4,0.079,139.82232,0
1612424880000,1767.30,1767.30,1752.68,1752.68,4.479,1612424939999,7859.71339,11,0.002,3.53460,0
1612424940000,1752.69,1758.30,1751.21,1758.30,9.427,1612424999999,16518.18162,15,0.100,175.83000,0
1612425000000,1758.50,1760.35,1757.16,1757.16,0.677,1612425059999,1190.01391,9,0.059,103.84815,0
1612425060000,1758.60,1758.60,1748.93,1749.15,1.473,1612425119999,2576.92885,19,0.211,369.42865,0
1612425120000,1748.77,1749.15,1748.77,1749.15,1.003,1612425179999,1754.33969,3,0.851,1488.52665,0
1612425180000,1755.00,1758.92,1754.71,1758.78,0.222,1612425239999,390.18161,4,0.137,240.68531,0
1612425240000,1758.92,1760.34,1757.00,1757.97,2.382,1612425299999,4190.77739,5,2.306,4057.17927,0
1612425300000,1758.78,1758.78,1754.00,1754.00,0.300,1612425359999,527.50972,2,0.000,0.00000,0
1612425360000,1756.67,1756.67,1752.22,1752.22,0.203,1612425419999,356.29251,2,0.000,0.00000,0
1612425420000,1757.49,1757.49,1752.20,1752.20,0.331,1612425479999,580.14219,2,0.000,0.00000,0
1612425480000,1752.20,1752.20,1752.20,1752.20,0.000,1612425539999,0.00000,0,0.000,0.00000,0
1612425540000,1751.97,1757.20,1749.40,1749.40,0.553,1612425599999,968.31744,7,0.045,79.03350,0
1612425600000,1749.40,1756.51,1745.38,1756.51,0.381,1612425659999,667.41614,23,0.190,333.73129,0
1612425660000,1745.53,1756.50,1745.53,1752.93,0.499,1612425719999,875.18656,8,0.326,571.96926,0
1612425720000,1754.36,1754.86,1753.65,1753.65,0.279,1612425779999,489.45458,3,0.000,0.00000,0
1612425780000,1755.10,1757.61,1755.10,1757.61,0.123,1612425839999,216.11826,2,0.123,216.11826,0
1612425840000,1752.61,1758.90,1751.60,1751.60,0.425,1612425899999,746.94095,14,0.303,532.94670,0
1612425900000,1756.15,1758.90,1756.15,1757.21,0.312,1612425959999,548.48602,3,0.275,483.46925,0
1612425960000,1757.21,1758.90,1750.73,1751.40,0.386,1612426019999,676.97974,8,0.114,200.30926,0
1612426020000,1757.16,1757.16,1756.84,1756.84,0.246,1612426079999,432.23864,2,0.071,124.73564,0
1612426080000,1751.72,1755.17,1751.72,1755.17,0.379,1612426139999,664.17443,2,0.000,0.00000,0
1612426140000,1756.30,1763.25,1752.16,1763.25,0.436,1612426199999,765.52579,14,0.101,177.38357,0
1612426200000,1760.74,1763.10,1756.95,1763.10,0.848,1612426259999,1493.62861,29,0.325,572.90790,0
1612426260000,1766.21,1766.21,1759.01,1759.01,0.881,1612426319999,1553.74411,5,0.490,865.44290,0
1612426320000,1763.84,1763.84,1763.84,1763.84,0.047,1612426379999,82.90048,1,0.000,0.00000,0
1612426380000,1765.27,1766.59,1762.70,1763.62,0.562,1612426439999,991.71289,46,0.025,44.15500,0
1612426440000,1767.61,1769.17,1767.61,1768.00,0.220,1612426499999,389.00307,19,0.070,123.80307,0
1612426500000,1770.00,1772.08,1762.68,1772.08,0.408,1612426559999,722.11884,21,0.213,377.37504,0
1612426560000,1772.07,1772.07,1762.68,1765.20,6.598,1612426619999,11651.80845,16,0.349,618.09564,0
1612426620000,1770.54,1770.54,1762.70,1766.70,2.391,1612426679999,4218.42950,6,0.000,0.00000,0
1612426680000,1769.66,1770.50,1762.68,1769.65,0.411,1612426739999,727.10438,9,0.050,88.46596,0
1612426740000,1769.54,1770.50,1763.20,1763.20,0.145,1612426799999,256.53916,4,0.105,185.80746,0
1612426800000,1769.07,1769.07,1769.07,1769.07,0.067,1612426859999,118.52769,1,0.000,0.00000,0
1612426860000,1768.70,1779.98,1768.70,1772.83,8.505,1612426919999,15090.62971,17,8.392,14890.76661,0
1612426920000,1771.56,1771.56,1770.82,1770.82,0.274,1612426979999,485.32590,3,0.092,162.97524,0
1612426980000,1772.82,1772.83,1765.50,1772.00,0.721,1612427039999,1277.28944,31,0.440,780.04496,0
1612427040000,1770.04,1777.76,1770.04,1776.79,0.285,1612427099999,505.95260,12,0.025,44.44400,0
1612427100000,1776.67,1777.76,1771.66,1777.76,1.178,1612427159999,2092.21767,6,0.755,1342.18926,0
1612427160000,1776.23,1776.84,1776.23,1776.84,0.312,1612427219999,554.29924,4,0.237,421.03924,0
1612427220000,1777.76,1777.76,1772.07,1776.30,0.395,1612427279999,701.06647,21,0.128,227.46714,0
1612427280000,1776.75,1777.94,1772.07,1777.94,0.580,1612427339999,1030.75410,13,0.347,616.92488,0
1612427340000,1775.00,1779.10,1772.07,1777.95,0.509,1612427399999,904.18202,22,0.176,312.90314,0
1612427400000,1778.00,1778.00,1775.40,1777.71,0.305,1612427459999,542.04975,12,0.231,410.67015,0
1612427460000,1778.28,1778.28,1774.70,1778.08,0.458,1612427519999,813.72144,3,0.258,458.78144,0
1612427520000,1773.33,1773.33,1772.07,1772.07,0.126,1612427579999,223.42698,2,0.116,205.70628,0
1612427580000,1773.49,1773.98,1772.07,1772.07,0.535,1612427639999,948.30519,5,0.151,267.83031,0
1612427640000,1772.07,1773.37,1772.07,1772.07,0.523,1612427699999,927.15386,8,0.175,310.33975,0
1612427700000,1773.23,1779.98,1773.23,1779.98,3.915,1612427759999,6961.03229,16,3.623,6442.64499,0
1612427760000,1774.96,1779.98,1774.96,1779.98,0.741,1612427819999,1318.26636,3,0.640,1138.99540,0
1612427820000,1779.98,1779.98,1779.04,1779.98,1.199,1612427879999,2134.00896,3,1.199,2134.00896,0
1612427880000,1779.06,1779.06,1778.12,1778.12,0.128,1612427939999,227.62756,2,0.098,174.25576,0
1612427940000,1775.97,1775.97,1767.66,1767.66,3.069,1612427999999,5433.48280,13,0.336,596.55148,0
1612428000000,1769.84,1779.98,1769.84,1774.31,1.680,1612428059999,2984.90694,6,1.526,2711.84936,0
1612428060000,1775.47,1777.03,1770.10,1777.03,2.102,1612428119999,3725.07917,5,0.609,1082.14887,0
1612428120000,1772.30,1776.11,1772.28,1772.28,0.488,1612428179999,865.53625,10,0.241,427.74581,0
1612428180000,1777.99,1778.43,1777.17,1777.28,1.549,1612428239999,2754.45097,6,1.425,2534.06825,0
1612428240000,1777.53,1777.53,1773.10,1773.10,0.229,1612428299999,406.52267,9,0.113,200.84307,0
1612428300000,1778.00,1778.00,1776.24,1776.69,0.478,1612428359999,849.17574,4,0.478,849.17574,0
1612428360000,1773.10,1777.00,1772.28,1775.87,1.790,1612428419999,3175.33358,9,0.715,1269.97989,0
1612428420000,1776.73,1776.80,1760.88,1763.70,11.462,1612428479999,20239.81222,26,0.104,184.52304,0
1612428480000,1771.80,1774.06,1771.80,1774.06,0.134,1612428539999,237.43476,2,0.134,237.43476,0
1612428540000,1769.41,1771.50,1769.41,1771.50,0.180,1612428599999,318.60918,4,0.118,208.90576,0
1612428600000,1770.19,1770.19,1756.59,1766.77,1.413,1612428659999,2487.26034,7,0.132,233.36754,0
1612428660000,1768.50,1769.65,1768.24,1768.24,1.136,1612428719999,2009.55840,7,1.061,1876.94040,0
1612428720000,1769.65,1769.65,1769.65,1769.65,0.516,1612428779999,913.13940,2,0.516,913.13940,0
1612428780000,1766.87,1766.87,1740.21,1760.00,11.777,1612428839999,20602.66643,65,0.547,963.05559,0
1612428840000,1760.00,1760.00,1740.31,1756.21,7.918,1612428899999,13810.19635,33,0.168,295.67750,0
1612428900000,1749.50,1755.00,1740.00,1751.45,4.201,1612428959999,7325.93591,10,0.401,703.34218,0
1612428960000,1748.30,1748.30,1740.20,1740.20,0.066,1612429019999,114.98280,2,0.016,27.97280,0
1612429020000,1748.57,1748.57,1740.00,1744.44,0.962,1612429079999,1676.44250,45,0.154,269.27978,0
1612429080000,1740.00,1746.90,1740.00,1745.71,4.086,1612429139999,7118.77987,10,1.245,2174.82890,0
1612429140000,1740.00,1742.88,1727.18,1737.27,2.722,1612429199999,4716.12780,10,0.095,165.23700,0
1612429200000,1737.27,1740.00,1725.00,1725.00,28.672,1612429259999,49462.03170,17,0.061,106.11200,0
1612429260000,1725.00,1731.35,1725.00,1730.11,7.972,1612429319999,13758.48016,24,1.167,2019.53352,0
1612429320000,1731.35,1733.00,1725.00,1733.00,1.450,1612429379999,2509.97478,9,1.206,2088.05319,0
1612429380000,1733.00,1733.00,1725.01,1729.66,1.368,1612429439999,2368.56643,8,1.115,1931.92552,0
1612429440000,1725.14,1730.92,1725.14,1729.60,0.205,1612429499999,354.75268,4,0.150,259.63800,0
1612429500000,1729.97,1730.21,1726.79,1730.08,0.367,1612429559999,634.93867,5,0.000,0.00000,0
1612429560000,1730.91,1730.91,1725.00,1725.00,0.515,1612429619999,891.30989,4,0.513,887.85989,0
1612429620000,1729.29,1729.90,1729.29,1729.80,0.434,1612429679999,750.62018,4,0.049,84.76314,0
1612429680000,1729.68,1729.68,1725.00,1725.00,2.630,1612429739999,4537.32564,4,0.000,0.00000,0
1612429740000,1725.00,1730.74,1716.37,1725.91,11.324,1612429799999,19469.24321,24,0.755,1305.90680,0
1612429800000,1716.37,1723.57,1705.00,1705.00,3.712,1612429859999,6352.38998,7,0.289,497.76423,0
1612429860000,1718.50,1718.50,1681.55,1685.62,32.866,1612429919999,55875.03426,1334,0.466,800.04124,0
1612429920000,1687.08,1714.94,1687.08,1714.94,27.418,1612429979999,46611.79319,110,23.529,40024.24310,0
1612429980000,1714.94,1715.50,1706.47,1707.95,6.987,1612430039999,11945.01840,23,0.766,1312.80689,0
1612430040000,1706.47,1715.49,1701.24,1715.49,5.152,1612430099999,8829.90793,18,4.656,7985.77909,0
1612430100000,1715.49,1715.49,1694.70,1708.36,7.601,1612430159999,12991.75929,14,3.035,5203.46433,0
1612430160000,1706.37,1709.98,1694.68,1700.00,4.882,1612430219999,8313.45972,16,0.126,215.27613,0
1612430220000,1700.50,1712.95,1700.50,1709.96,1.151,1612430279999,1971.20898,8,1.097,1878.88846,0
1612430280000,1710.39,1710.59,1700.51,1700.52,1.229,1612430339999,2092.18877,5,0.227,388.27773,0
1612430340000,1708.51,1708.51,1700.51,1700.51,0.249,1612430399999,424.97927,4,0.030,51.25530,0
1612430400000,1708.40,1712.95,1701.00,1701.00,1.502,1612430459999,2569.63187,6,1.500,2566.22987,0
1612430460000,1708.88,1708.88,1694.69,1705.24,7.300,1612430519999,12400.83504,18,1.356,2315.76670,0
1612430520000,1708.20,1713.46,1708.20,1713.20,0.282,1612430579999,482.49074,4,0.132,225.48240,0
1612430580000,1704.90,1714.00,1704.90,1712.40,0.744,1612430639999,1274.60904,6,0.604,1035.01592,0
1612430640000,1712.42,1713.48,1705.90,1713.48,0.567,1612430699999,971.27357,4,0.289,494.94129,0
1612430700000,1713.14,1714.00,1707.30,1707.30,0.431,1612430759999,738.28262,8,0.293,502.20200,0
1612430760000,1712.28,1713.60,1699.43,1709.65,4.459,1612430819999,7600.44110,10,1.391,2383.05419,0
1612430820000,1710.00,1712.37,1704.44,1704.44,21.878,1612430879999,37403.25368,16,20.092,34357.54041,0
1612430880000,1704.00,1711.30,1703.60,1705.44,1.903,1612430939999,3244.21424,9,0.221,378.03272,0
1612430940000,1709.78,1711.30,1703.80,1710.24,0.359,1612430999999,613.83208,7,0.353,603.60448,0
1612431000000,1710.42,1710.42,1694.68,1698.00,3.133,1612431059999,5321.64440,14,0.099,169.33158,0
1612431060000,1698.70,1703.98,1695.00,1700.19,0.385,1612431119999,654.74467,8,0.290,493.05161,0
1612431120000,1701.90,1703.98,1696.91,1703.98,0.374,1612431179999,637.04790,7,0.313,533.24578,0
1612431180000,1702.81,1703.02,1695.00,1702.44,0.265,1612431239999,451.08594,4,0.245,417.18594,0
1612431240000,1702.04,1703.41,1701.60,1703.41,0.262,1612431299999,445.96922,3,0.234,398.27736,0
1612431300000,1703.19,1703.61,1703.05,1703.37,0.641,1612431359999,1091.81777,4,0.446,759.66702,0
1612431360000,1703.86,1709.59,1701.18,1708.44,0.487,1612431419999,830.61081,7,0.248,422.84837,0
1612431420000,1709.35,1716.21,1709.35,1716.21,1.376,1612431479999,2354.06896,6,1.202,2056.24418,0
1612431480000,1711.30,1715.64,1711.30,1715.64,0.169,1612431539999,289.50916,2,0.069,118.37916,0
1612431540000,1715.57,1716.50,1715.35,1715.62,0.249,1612431599999,427.26583,4,0.199,341.48483,0
1612431600000,1711.64,1716.50,1704.70,1714.59,1.602,1612431659999,2739.55744,15,0.600,1029.49126,0
1612431660000,1716.50,1716.50,1713.96,1713.96,1.396,1612431719999,2395.99524,3,1.302,2234.88300,0
1612431720000,1709.90,1713.10,1709.90,1713.10,0.159,1612431779999,272.37650,2,0.000,0.00000,0
1612431780000,1708.00,1713.78,1708.00,1713.78,0.360,1612431839999,616.85958,4,0.200,342.66634,0
1612431840000,1715.10,1715.10,1712.99,1714.73,0.156,1612431899999,267.50890,14,0.150,257.23096,0
1612431900000,1714.72,1714.72,1714.51,1714.53,0.321,1612431959999,550.38102,3,0.187,320.63668,0
1612431960000,1715.03,1715.03,1715.03,1715.03,0.148,1612432019999,253.82444,1,0.000,0.00000,0
1612432020000,1714.72,1720.17,1714.72,1720.17,0.101,1612432079999,173.37747,4,0.035,60.20595,0
1612432080000,1723.57,1726.18,1721.80,1721.80,2.173,1612432139999,3746.70501,5,1.905,3285.11645,0
1612432140000,1721.66,1721.66,1721.66,1721.66,0.089,1612432199999,153.22774,1,0.000,0.00000,0
1612432200000,1714.95,1723.78,1714.95,1723.78,0.380,1612432259999,652.42272,2,0.296,507.62520,0
1612432260000,1727.49,1727.49,1725.19,1725.19,0.275,1612432319999,474.73490,3,0.176,303.94109,0
1612432320000,1726.08,1726.08,1719.49,1725.02,0.505,1612432379999,869.20795,3,0.107,184.69056,0
1612432380000,1725.21,1728.52,1722.60,1722.60,0.299,1612432439999,516.19389,5,0.112,193.55224,0
1612432440000,1729.57,1729.57,1724.90,1727.85,0.443,1612432499999,766.05648,3,0.389,672.80273,0
1612432500000,1729.57,1729.57,1726.15,1726.15,0.416,1612432559999,718.41002,4,0.176,303.97682,0
1612432560000,1725.91,1727.89,1725.53,1727.54,0.565,1612432619999,975.48522,4,0.438,756.29465,0
1612432620000,1727.54,1727.54,1727.37,1727.37,0.233,1612432679999,402.50475,2,0.071,122.64327,0
1612432680000,1727.45,1732.68,1727.45,1729.00,0.792,1612432739999,1369.69893,9,0.395,683.83807,0
1612432740000,1728.49,1733.07,1728.49,1729.93,0.300,1612432799999,519.20223,9,0.060,103.79580,0
1612432800000,1735.26,1740.24,1726.44,1737.17,4.768,1612432859999,8267.56999,9,2.840,4935.13939,0
1612432860000,1737.81,1738.39,1737.27,1737.27,0.506,1612432919999,879.32956,5,0.430,747.25448,0
1612432920000,1737.42,1738.38,1737.42,1738.38,0.273,1612432979999,474.52686,3,0.220,382.44360,0
1612432980000,1738.37,1738.37,1735.10,1737.68,0.324,1612433039999,563.02329,4,0.319,554.34779,0
1612433040000,1737.80,1737.80,1737.39,1737.69,0.430,1612433099999,747.18690,3,0.320,556.07400,0
1612433100000,1737.57,1738.37,1735.10,1738.37,3.407,1612433159999,5922.43551,3,3.363,5846.09111,0
1612433160000,1738.36,1738.36,1723.45,1723.45,3.108,1612433219999,5369.69458,7,0.108,187.74288,0
1612433220000,1732.24,1732.24,1730.31,1732.09,0.219,1612433279999,379.33696,3,0.214,370.68541,0
1612433280000,1732.02,1736.90,1732.02,1736.90,0.216,1612433339999,374.57504,2,0.216,374.57504,0
1612433340000,1731.85,1737.25,1731.85,1735.95,0.292,1612433399999,506.81758,4,0.239,415.02953,0
1612433400000,1736.91,1736.94,1736.91,1736.94,0.116,1612433459999,201.48411,2,0.116,201.48411,0
1612433460000,1738.37,1738.38,1737.76,1737.76,0.315,1612433519999,547.54972,4,0.315,547.54972,0
1612433520000,1737.66,1737.66,1737.66,1737.66,0.095,1612433579999,165.07770,1,0.000,0.00000,0
1612433580000,1738.14,1738.38,1737.00,1738.02,0.297,1612433639999,516.24498,6,0.295,512.77098,0
1612433640000,1738.15,1739.55,1733.13,1733.13,0.410,1612433699999,712.67938,7,0.376,653.73466,0
1612433700000,1740.10,1740.10,1734.00,1739.75,0.389,1612433759999,676.59064,6,0.054,93.94974,0
1612433760000,1739.59,1741.65,1739.59,1739.59,0.260,1612433819999,452.48858,4,0.260,452.48858,0
1612433820000,1738.51,1738.58,1738.51,1738.58,0.305,1612433879999,530.25759,2,0.000,0.00000,0
1612433880000,1739.57,1741.72,1734.60,1741.72,0.768,1612433939999,1336.81112,9,0.470,818.60840,0
1612433940000,1740.27,1741.67,1740.27,1741.67,0.171,1612433999999,297.67997,2,0.104,180.98808,0
1612434000000,1742.50,1742.50,1741.94,1741.94,0.247,1612434059999,430.27850,3,0.015,26.13750,0
1612434060000,1742.50,1743.00,1742.50,1743.00,0.108,1612434119999,188.23450,2,0.108,188.23450,0
1612434120000,1742.43,1742.43,1742.43,1742.43,0.167,1612434179999,290.98581,1,0.167,290.98581,0
1612434180000,1742.33,1742.99,1736.10,1740.61,4.257,1612434239999,7391.80986,6,0.202,351.82866,0
1612434240000,1742.49,1742.49,1740.61,1741.32,0.467,1612434299999,813.13700,17,0.174,302.97654,0
1612434300000,1743.00,1743.00,1736.10,1736.10,0.441,1612434359999,766.81911,7,0.180,313.67250,0
1612434360000,1741.17,1742.49,1736.10,1740.42,0.393,1612434419999,684.27249,5,0.256,445.77108,0
1612434420000,1739.73,1741.72,1739.23,1741.72,0.615,1612434479999,1070.03325,7,0.104,180.98646,0
1612434480000,1741.32,1743.00,1741.32,1743.00,0.272,1612434539999,473.83654,3,0.199,346.70412,0
1612434540000,1741.78,1743.54,1738.00,1738.00,3.666,1612434599999,6389.45740,6,3.467,6042.91254,0
1612434600000,1738.00,1742.49,1735.81,1737.58,0.272,1612434659999,472.64999,7,0.125,217.27115,0
1612434660000,1736.91,1737.62,1736.91,1737.62,0.357,1612434719999,620.13793,2,0.000,0.00000,0
1612434720000,1739.05,1739.05,1733.14,1733.14,0.222,1612434779999,386.02907,3,0.220,382.56279,0
1612434780000,1731.90,1731.90,1730.70,1730.70,0.231,1612434839999,400.06170,2,0.225,389.67750,0
1612434840000,1730.48,1732.80,1730.48,1732.32,0.409,1612434899999,708.08714,4,0.201,348.00930,0
1612434900000,1732.30,1732.32,1732.30,1732.32,0.260,1612434959999,450.40070,2,0.125,216.53750,0
1612434960000,1734.82,1737.49,1728.64,1728.64,1.760,1612435019999,3045.17584,13,0.109,189.28387,0
1612435020000,1730.48,1737.49,1730.48,1737.49,1.029,1612435079999,1787.67392,2,1.000,1737.49000,0
1612435080000,1734.06,1734.16,1734.06,1734.16,0.116,1612435139999,201.15616,2,0.052,90.17632,0
1612435140000,1734.72,1734.72,1732.97,1732.97,0.143,1612435199999,247.97046,2,0.143,247.97046,0
1612435200000,1734.43,1736.25,1734.43,1736.25,0.267,1612435259999,463.25977,3,0.267,463.25977,0
1612435260000,1735.78,1737.49,1731.30,1735.89,0.497,1612435319999,862.65328,8,0.226,392.51816,0
1612435320000,1731.30,1740.30,1731.30,1740.30,0.429,1612435379999,746.47737,5,0.376,654.35280,0
1612435380000,1738.69,1738.90,1732.00,1738.90,0.362,1612435439999,629.09795,5,0.067,116.49223,0
1612435440000,1738.05,1740.30,1738.05,1740.30,0.388,1612435499999,674.65217,6,0.144,250.50380,0
1612435500000,1740.30,1740.30,1732.00,1740.30,0.185,1612435559999,321.46675,13,0.031,53.87455,0
1612435560000,1732.00,1740.30,1731.30,1737.26,0.732,1612435619999,1271.77269,17,0.211,366.99270,0
1612435620000,1734.86,1740.66,1734.86,1734.86,0.298,1612435679999,518.23270,6,0.221,384.64848,0
1612435680000,1740.50,1741.02,1740.50,1741.02,0.298,1612435739999,518.73452,2,0.000,0.00000,0
1612435740000,1740.92,1740.92,1740.17,1740.17,0.107,1612435799999,186.27769,2,0.107,186.27769,0
1612435800000,1739.21,1739.21,1738.39,1738.39,0.213,1612435859999,370.37957,2,0.000,0.00000,0
1612435860000,1740.17,1740.17,1737.93,1738.07,0.191,1612435919999,332.18977,3,0.131,227.91397,0
1612435920000,1735.79,1736.74,1735.79,1736.74,0.216,1612435979999,374.96769,2,0.000,0.00000,0
1612435980000,1736.89,1736.94,1736.52,1736.52,0.392,1612436039999,680.82753,3,0.184,319.59696,0
1612436040000,1736.86,1738.07,1736.63,1738.07,1.046,1612436099999,1817.76865,3,0.850,1477.35950,0
1612436100000,1737.05,1737.05,1736.48,1736.48,0.260,1612436159999,451.59252,3,0.099,171.92747,0
1612436160000,1737.04,1740.17,1736.66,1736.66,0.482,1612436219999,837.69722,8,0.353,613.61906,0
1612436220000,1737.60,1737.60,1737.40,1737.50,0.223,1612436279999,387.47020,3,0.223,387.47020,0
1612436280000,1736.35,1738.72,1736.35,1738.72,0.361,1612436339999,627.06049,5,0.116,201.52946,0
1612436340000,1736.92,1737.03,1732.00,1737.03,0.614,1612436399999,1065.77406,5,0.430,746.71569,0
1612436400000,1735.72,1736.50,1735.67,1735.67,0.266,1612436459999,461.72187,4,0.152,263.84979,0
1612436460000,1735.49,1735.73,1735.49,1735.73,0.291,1612436519999,505.06500,4,0.066,114.55554,0
1612436520000,1734.99,1734.99,1733.82,1733.82,0.266,1612436579999,461.35407,2,0.135,234.22365,0
1612436580000,1732.00,1732.00,1723.45,1730.40,3.727,1612436639999,6434.22201,9,0.073,126.31920,0
1612436640000,1723.45,1732.18,1723.45,1730.32,0.772,1612436699999,1333.88910,7,0.503,870.28105,0
1612436700000,1729.84,1729.84,1729.84,1729.84,0.143,1612436759999,247.36712,1,0.143,247.36712,0
1612436760000,1730.65,1732.18,1730.26,1730.26,0.201,1612436819999,347.86755,3,0.101,174.84155,0
1612436820000,1723.45,1730.48,1723.45,1725.02,0.358,1612436879999,617.47820,4,0.000,0.00000,0
1612436880000,1723.45,1732.17,1723.45,1723.45,0.328,1612436939999,565.40747,11,0.054,93.18217,0
1612436940000,1732.17,1732.17,1723.45,1723.45,0.005,1612436999999,8.64340,5,0.003,5.19650,0
1612437000000,1725.02,1727.33,1719.49,1725.41,0.648,1612437059999,1117.07197,7,0.162,279.64203,0
1612437060000,1719.49,1727.33,1719.49,1721.27,0.383,1612437119999,659.21531,4,0.132,227.62332,0
1612437120000,1720.84,1721.68,1709.04,1713.80,5.272,1612437179999,9039.74114,11,0.084,144.55056,0
1612437180000,1718.75,1718.75,1717.72,1717.72,0.123,1612437239999,211.34548,2,0.064,110.00000,0
1612437240000,1718.18,1718.18,1718.18,1718.18,0.114,1612437299999,195.87252,1,0.114,195.87252,0
1612437300000,1715.55,1737.03,1715.55,1729.86,5.311,1612437359999,9196.38400,15,5.228,9053.79959,0
1612437360000,1729.96,1729.96,1728.11,1729.54,0.477,1612437419999,824.87425,4,0.194,335.42539,0
1612437420000,1729.66,1729.66,1729.66,1729.66,0.061,1612437479999,105.50926,1,0.061,105.50926,0
1612437480000,1727.59,1733.45,1715.56,1715.56,30.394,1612437539999,52291.92095,21,0.064,110.57162,0
1612437540000,1730.46,1747.09,1725.00,1732.53,30.202,1612437599999,52690.37449,15,30.058,52441.30621,0
1612437600000,1732.12,1732.98,1732.12,1732.98,0.377,1612437659999,653.07804,2,0.000,0.00000,0
1612437660000,1731.74,1731.74,1730.35,1730.35,0.169,1612437719999,292.52089,2,0.169,292.52089,0
1612437720000,1730.14,1730.14,1730.14,1730.14,0.050,1612437779999,86.50700,1,0.000,0.00000,0
1612437780000,1724.22,1724.22,1724.22,1724.22,0.534,1612437839999,920.73348,1,0.000,0.00000,0
1612437840000,1729.68,1729.68,1724.22,1724.22,0.060,1612437899999,103.77534,2,0.000,0.00000,0
1612437900000,1731.74,1731.74,1729.65,1729.74,0.469,1612437959999,811.58853,5,0.335,579.75461,0
1612437960000,1730.30,1730.30,1728.84,1728.84,0.447,1612438019999,773.15309,3,0.217,375.18409,0
1612438020000,1729.20,1729.20,1728.35,1728.35,0.118,1612438079999,203.98525,2,0.047,81.27240,0
1612438080000,1728.38,1728.38,1727.92,1727.92,0.450,1612438139999,777.68562,3,0.090,155.52540,0
1612438140000,1729.90,1729.90,1729.90,1729.90,0.044,1612438199999,76.11560,1,0.044,76.11560,0
1612438200000,1730.42,1731.74,1724.22,1729.23,0.363,1612438259999,627.79835,15,0.106,183.42848,0
1612438260000,1730.29,1730.47,1730.29,1730.47,0.217,1612438319999,375.50713,2,0.027,46.71783,0
1612438320000,1729.53,1731.74,1724.23,1730.31,1.350,1612438379999,2334.27149,7,0.742,1284.60106,0
1612438380000,1729.71,1731.74,1724.02,1724.02,0.990,1612438439999,1709.85657,6,0.214,370.52740,0
1612438440000,1730.44,1730.44,1730.04,1730.04,0.128,1612438499999,221.46432,2,0.048,83.06112,0
1612438500000,1724.02,1724.02,1724.02,1724.02,0.251,1612438559999,432.72902,1,0.000,0.00000,0
1612438560000,1725.36,1730.04,1725.36,1729.18,0.285,1612438619999,492.71952,3,0.234,404.72616,0
1612438620000,1728.21,1728.21,1728.21,1728.21,0.114,1612438679999,197.01594,1,0.000,0.00000,0
1612438680000,1728.91,1728.91,1726.59,1727.13,0.401,1612438739999,692.68483,5,0.132,227.94978,0
1612438740000,1720.83,1726.39,1720.83,1726.39,0.336,1612438799999,578.67704,2,0.000,0.00000,0
1612438800000,1720.83,1728.68,1720.83,1727.21,0.663,1612438859999,1143.35389,6,0.164,283.22002,0
1612438860000,1726.43,1727.55,1726.43,1726.93,0.182,1612438919999,314.34726,3,0.032,55.24576,0
1612438920000,1727.21,1727.21,1726.06,1726.11,0.270,1612438979999,466.15973,4,0.074,127.78912,0
1612438980000,1726.96,1726.96,1725.71,1725.71,0.786,1612439039999,1357.18018,3,0.786,1357.18018,0
1612439040000,1726.96,1726.96,1722.18,1722.18,1.210,1612439099999,2089.48258,4,1.141,1970.38764,0
1612439100000,1722.15,1726.06,1722.15,1722.15,0.170,1612439159999,293.31681,3,0.000,0.00000,0
1612439160000,1726.66,1726.66,1726.66,1726.66,0.043,1612439219999,74.24638,1,0.000,0.00000,0
1612439220000,1727.20,1727.24,1726.67,1727.24,0.331,1612439279999,571.60566,3,0.190,328.06730,0
1612439280000,1726.25,1728.69,1720.83,1728.69,0.122,1612439339999,210.65277,8,0.003,5.18606,0
1612439340000,1728.69,1728.69,1720.83,1726.22,3.898,1612439399999,6736.81086,10,3.677,6356.12268,0
1612439400000,1727.13,1727.15,1727.10,1727.10,0.285,1612439459999,492.23115,3,0.285,492.23115,0
1612439460000,1728.69,1731.74,1728.69,1729.55,2.209,1612439519999,3820.20100,3,2.209,3820.20100,0
1612439520000,1726.44,1726.44,1726.44,1726.44,0.092,1612439579999,158.83248,1,0.092,158.83248,0
1612439580000,1726.58,1726.66,1722.14,1722.14,0.339,1612439639999,584.77002,4,0.295,508.99586,0
1612439640000,1722.28,1727.98,1722.28,1727.98,0.124,1612439699999,213.78502,2,0.124,213.78502,0
1612439700000,1727.98,1727.98,1727.98,1727.98,0.000,1612439759999,0.00000,0,0.000,0.00000,0
1612439760000,1722.53,1723.43,1709.04,1720.32,2.589,1612439819999,4445.96731,9,0.038,65.45614,0
1612439820000,1720.60,1720.60,1720.33,1720.33,0.117,1612439879999,201.29238,2,0.066,113.54178,0
1612439880000,1714.87,1715.42,1709.04,1714.77,1.931,1612439939999,3310.56092,5,0.315,540.29295,0
1612439940000,1715.10,1715.33,1691.41,1709.55,30.886,1612439999999,52437.52659,87,0.499,853.70075,0
1612440000000,1712.99,1713.00,1668.84,1700.56,70.855,1612440059999,119244.59100,616,24.077,40741.92191,0
1612440060000,1693.51,1700.55,1690.54,1690.54,1.274,1612440119999,2154.93108,41,0.075,127.44193,0
1612440120000,1699.98,1700.54,1690.54,1693.39,0.424,1612440179999,718.53319,8,0.261,442.63869,0
1612440180000,1705.81,1705.82,1697.85,1697.85,0.500,1612440239999,849.37903,5,0.271,460.49581,0
1612440240000,1697.91,1709.45,1697.91,1698.90,0.195,1612440299999,331.97249,64,0.075,128.08786,0
1612440300000,1702.15,1702.15,1698.90,1698.90,0.234,1612440359999,397.87735,3,0.103,175.32145,0
1612440360000,1709.41,1709.45,1707.17,1709.45,0.570,1612440419999,973.51610,141,0.531,906.91073,0
1612440420000,1707.94,1710.78,1702.30,1707.54,0.224,1612440479999,382.59549,41,0.086,147.00737,0
1612440480000,1707.51,1710.78,1707.51,1710.77,0.539,1612440539999,921.82220,70,0.366,626.14281,0
1612440540000,1707.51,1713.00,1707.51,1713.00,0.337,1612440599999,576.45771,110,0.337,576.45771,0
1612440600000,1713.00,1713.00,1709.52,1713.00,0.358,1612440659999,612.61680,99,0.226,386.96016,0
1612440660000,1710.64,1710.64,1703.06,1703.06,0.236,1612440719999,403.42338,4,0.119,203.56616,0
1612440720000,1710.61,1713.00,1710.18,1710.18,0.224,1612440779999,383.39366,3,0.138,236.28120,0
1612440780000,1710.95,1715.33,1710.95,1715.33,0.339,1612440839999,580.13470,28,0.202,345.72770,0
1612440840000,1715.33,1715.33,1711.23,1711.23,0.226,1612440899999,386.89378,39,0.226,386.89378,0
1612440900000,1711.84,1713.00,1711.84,1713.00,0.791,1612440959999,1354.64986,261,0.791,1354.64986,0
1612440960000,1711.95,1716.67,1711.95,1716.67,0.771,1612441019999,1321.08622,329,0.771,1321.08622,0
1612441020000,1716.67,1716.67,1716.67,1716.67,0.000,1612441079999,0.00000,0,0.000,0.00000,0
1612441080000,1716.66,1718.57,1711.08,1711.08,2.888,1612441139999,4958.16987,6,2.625,4508.11765,0
1612441140000,1712.65,1713.05,1712.65,1713.05,0.191,1612441199999,327.14855,2,0.081,138.75705,0
1612441200000,1713.15,1714.97,1713.00,1714.97,0.194,1612441259999,332.42676,3,0.126,215.93256,0
1612441260000,1715.66,1716.86,1715.57,1715.57,0.252,1612441319999,432.40986,65,0.063,108.16218,0
1612441320000,1716.86,1716.86,1716.61,1716.61,0.477,1612441379999,818.89422,207,0.285,489.30510,0
1612441380000,1716.57,1716.64,1716.57,1716.64,0.398,1612441439999,683.20879,3,0.342,587.08031,0
1612441440000,1716.86,1718.57,1716.86,1718.27,0.314,1612441499999,539.34020,81,0.250,429.38258,0
1612441500000,1718.15,1718.22,1718.00,1718.00,0.418,1612441559999,718.16640,4,0.030,51.54450,0
1612441560000,1718.14,1718.57,1718.14,1718.57,0.391,1612441619999,671.91788,3,0.314,539.62110,0
1612441620000,1718.20,1718.20,1717.97,1717.97,0.346,1612441679999,594.44407,3,0.232,398.56927,0
1612441680000,1717.94,1718.20,1716.86,1718.20,0.181,1612441739999,310.94386,5,0.180,309.22700,0
1612441740000,1716.86,1718.20,1716.86,1717.93,0.279,1612441799999,479.30504,66,0.058,99.65538,0
1612441800000,1717.80,1717.94,1717.69,1717.69,0.154,1612441859999,264.53860,3,0.154,264.53860,0
1612441860000,1717.80,1717.80,1716.86,1717.64,0.202,1612441919999,346.95735,4,0.000,0.00000,0
1612441920000,1716.83,1717.34,1716.83,1716.98,0.333,1612441979999,571.83628,4,0.243,417.31243,0
1612441980000,1712.85,1713.13,1712.78,1713.13,0.559,1612442039999,957.51420,5,0.453,775.93106,0
1612442040000,1710.00,1714.99,1709.28,1714.99,1.709,1612442099999,2922.94538,5,0.100,171.49900,0
1612442100000,1713.04,1713.10,1713.04,1713.10,0.363,1612442159999,621.84264,2,0.152,260.39120,0
1612442160000,1713.10,1713.10,1713.10,1713.10,0.000,1612442219999,0.00000,0,0.000,0.00000,0
1612442220000,1715.42,1721.19,1715.42,1721.19,3.356,1612442279999,5768.99951,585,3.156,5425.91551,0
1612442280000,1721.19,1723.00,1719.04,1723.00,0.335,1612442339999,576.35661,77,0.247,425.00101,0
1612442340000,1720.75,1721.64,1720.75,1721.64,0.135,1612442399999,232.35109,2,0.079,135.93925,0
1612442400000,1719.23,1722.78,1719.23,1721.77,0.355,1612442459999,610.83876,72,0.261,448.99238,0
1612442460000,1720.56,1722.22,1718.38,1718.38,0.415,1612442519999,714.26612,3,0.221,380.24376,0
1612442520000,1718.52,1718.52,1716.82,1716.82,0.366,1612442579999,628.56578,3,0.000,0.00000,0
1612442580000,1720.12,1720.26,1720.12,1720.26,0.156,1612442639999,268.34978,2,0.079,135.90054,0
1612442640000,1716.68,1718.82,1716.68,1718.82,0.214,1612442699999,367.50862,2,0.000,0.00000,0
1612442700000,1717.34,1720.94,1716.91,1718.67,0.937,1612442759999,1610.11480,5,0.082,140.78662,0
1612442760000,1718.85,1720.80,1718.85,1720.80,0.251,1612442819999,431.70630,2,0.141,242.63280,0
1612442820000,1719.03,1719.18,1719.03,1719.18,0.256,1612442879999,440.08608,2,0.160,275.04480,0
1612442880000,1719.34,1719.34,1719.08,1719.08,0.206,1612442939999,354.14270,2,0.206,354.14270,0
1612442940000,1718.17,1727.61,1718.17,1721.19,10.369,1612442999999,17878.30511,10,10.341,17830.19635,0
1612443000000,1717.59,1721.54,1717.59,1721.54,0.262,1612443059999,450.66446,3,0.116,199.69864,0
1612443060000,1721.19,1721.19,1718.61,1718.61,0.248,1612443119999,426.53336,3,0.108,185.88852,0
1612443120000,1722.65,1723.17,1722.65,1723.17,0.574,1612443179999,988.90768,4,0.351,604.75673,0
1612443180000,1725.38,1725.38,1720.40,1720.40,0.203,1612443239999,349.53520,3,0.038,65.56444,0
1612443240000,1720.59,1720.91,1720.27,1720.91,0.341,1612443299999,586.74327,3,0.167,287.30493,0
1612443300000,1725.38,1725.38,1724.51,1724.51,0.408,1612443359999,703.87500,145,0.408,703.87500,0
1612443360000,1721.89,1727.62,1721.89,1723.28,0.863,1612443419999,1488.77071,359,0.669,1154.35601,0
1612443420000,1723.26,1723.26,1723.26,1723.26,0.087,1612443479999,149.92362,1,0.087,149.92362,0
1612443480000,1722.34,1722.35,1721.04,1722.35,0.534,1612443539999,919.43483,4,0.105,180.84570,0
1612443540000,1721.04,1721.04,1689.19,1700.18,52.223,1612443599999,89110.01903,348,2.394,4073.25800,0
1612443600000,1700.56,1700.56,1687.41,1698.09,11.355,1612443659999,19219.32369,124,0.570,969.16110,0
1612443660000,1700.56,1706.33,1688.89,1706.33,4.139,1612443719999,7037.53226,14,3.109,5297.23390,0
1612443720000,1688.90,1688.90,1688.90,1688.90,0.033,1612443779999,55.73370,1,0.000,0.00000,0
1612443780000,1692.03,1708.29,1692.03,1708.29,1.990,1612443839999,3390.21527,23,1.580,2696.48249,0
1612443840000,1693.03,1706.38,1693.03,1704.51,1.232,1612443899999,2101.42516,7,1.146,1955.07838,0
1612443900000,1703.97,1703.97,1693.59,1703.32,0.230,1612443959999,391.51531,3,0.085,144.78220,0
1612443960000,1704.04,1706.38,1702.21,1706.38,0.291,1612444019999,495.75222,4,0.031,52.89778,0
1612444020000,1706.38,1706.38,1703.78,1704.51,1.318,1612444079999,2248.41530,4,1.116,1904.10428,0
1612444080000,1703.41,1706.32,1701.67,1706.32,3.403,1612444139999,5801.20559,16,3.139,5351.89337,0
1612444140000,1698.21,1706.30,1698.21,1704.50,0.348,1612444199999,592.49435,5,0.155,263.22255,0
1612444200000,1706.30,1706.30,1703.70,1705.60,0.337,1612444259999,574.77532,7,0.086,146.70482,0
1612444260000,1705.90,1711.02,1703.40,1703.40,0.842,1612444319999,1440.07545,9,0.788,1348.03515,0
1612444320000,1703.50,1708.23,1701.80,1701.80,0.209,1612444379999,356.36863,9,0.155,264.39725,0
1612444380000,1702.00,1704.35,1702.00,1702.80,0.361,1612444439999,615.14536,9,0.203,345.96157,0
1612444440000,1703.60,1704.57,1702.50,1704.29,0.535,1612444499999,911.77736,11,0.389,662.99168,0
1612444500000,1702.97,1704.27,1698.90,1700.05,0.255,1612444559999,434.40851,10,0.000,0.00000,0
1612444560000,1701.98,1701.98,1701.44,1701.98,0.054,1612444619999,91.90206,6,0.000,0.00000,0
1612444620000,1701.48,1701.48,1697.24,1697.24,0.435,1612444679999,739.86687,9,0.348,591.95019,0
1612444680000,1698.40,1698.50,1696.51,1696.51,0.056,1612444739999,95.05343,7,0.000,0.00000,0
1612444740000,1696.58,1701.99,1696.58,1699.00,0.655,1612444799999,1114.54911,9,0.610,1038.14229,0
1612444800000,1699.20,1699.60,1692.27,1696.42,0.562,1612444859999,951.40578,9,0.000,0.00000,0
1612444860000,1696.42,1696.42,1696.42,1696.42,0.009,1612444919999,15.26778,1,0.000,0.00000,0
1612444920000,1695.70,1699.89,1695.70,1699.89,0.084,1612444979999,142.73935,5,0.075,127.47805,0
1612444980000,1699.91,1700.04,1696.54,1700.04,0.317,1612445039999,538.78423,4,0.065,110.49415,0
1612445040000,1700.47,1700.47,1692.27,1698.59,1.489,1612445099999,2525.66449,10,0.100,169.85468,0
1612445100000,1697.00,1698.63,1696.70,1698.63,0.466,1612445159999,791.00859,5,0.178,302.27529,0
1612445160000,1697.00,1699.45,1692.27,1698.45,1.332,1612445219999,2259.41095,10,0.170,288.74521,0
1612445220000,1698.80,1698.83,1698.80,1698.83,0.324,1612445279999,550.41447,2,0.000,0.00000,0
1612445280000,1700.51,1700.51,1700.51,1700.51,0.176,1612445339999,299.28976,1,0.176,299.28976,0
1612445340000,1700.09,1700.55,1700.09,1700.55,0.101,1612445399999,171.73209,2,0.101,171.73209,0
1612445400000,1701.98,1702.10,1701.44,1701.44,0.293,1612445459999,498.65772,5,0.293,498.65772,0
1612445460000,1701.44,1701.44,1701.44,1701.44,0.000,1612445519999,0.00000,0,0.000,0.00000,0
1612445520000,1701.40,1701.52,1701.40,1701.45,0.485,1612445579999,825.20761,4,0.268,455.99296,0
1612445580000,1701.45,1701.45,1701.45,1701.45,0.000,1612445639999,0.00000,0,0.000,0.00000,0
1612445640000,1699.20,1699.20,1692.27,1693.30,0.485,1612445699999,821.28936,9,0.000,0.00000,0
1612445700000,1693.72,1693.72,1693.72,1693.72,0.104,1612445759999,176.14688,1,0.000,0.00000,0
1612445760000,1693.18,1693.40,1693.18,1693.40,0.149,1612445819999,252.30626,2,0.047,79.57946,0
1612445820000,1695.23,1695.38,1695.12,1695.12,0.358,1612445879999,606.89156,3,0.284,481.43344,0
1612445880000,1694.43,1696.43,1690.00,1695.78,1.293,1612445939999,2192.69795,10,1.187,2013.38142,0
1612445940000,1696.43,1697.80,1690.70,1695.84,4.854,1612445999999,8231.18876,12,4.087,6934.13669,0
1612446000000,1694.96,1695.57,1694.95,1695.57,0.289,1612446059999,489.89117,3,0.182,308.53152,0
1612446060000,1695.95,1695.95,1695.49,1695.49,0.089,1612446119999,150.92897,2,0.089,150.92897,0
1612446120000,1695.49,1695.49,1695.49,1695.49,0.000,1612446179999,0.00000,0,0.000,0.00000,0
1612446180000,1696.43,1698.73,1696.43,1698.73,0.088,1612446239999,149.48364,2,0.002,3.39286,0
1612446240000,1699.20,1701.98,1699.20,1701.98,0.446,1612446299999,758.93407,6,0.393,668.75351,0
1612446300000,1701.61,1701.98,1701.21,1701.53,0.266,1612446359999,452.57023,4,0.091,154.83968,0
1612446360000,1699.07,1701.98,1699.07,1701.38,0.514,1612446419999,874.68471,5,0.463,787.91664,0
1612446420000,1701.36,1701.36,1700.85,1700.94,0.349,1612446479999,593.70376,4,0.205,348.77335,0
1612446480000,1700.95,1700.95,1700.87,1700.87,0.185,1612446539999,314.66695,2,0.185,314.66695,0
1612446540000,1701.19,1701.48,1701.19,1701.25,0.390,1612446599999,663.51663,4,0.296,503.59067,0
1612446600000,1701.90,1703.25,1699.12,1699.12,0.273,1612446659999,464.92985,6,0.159,270.81288,0
1612446660000,1699.74,1704.69,1699.74,1704.69,0.209,1612446719999,355.48762,4,0.050,85.22896,0
1612446720000,1704.69,1704.69,1704.18,1704.18,0.086,1612446779999,146.56203,2,0.005,8.52345,0
1612446780000,1704.77,1707.64,1704.60,1706.86,0.478,1612446839999,816.03378,7,0.300,512.23270,0
1612446840000,1706.42,1707.55,1704.97,1707.31,0.950,1612446899999,1621.44682,5,0.143,243.94877,0
1612446900000,1707.15,1707.37,1705.96,1707.20,0.488,1612446959999,832.96065,4,0.263,449.02665,0
1612446960000,1706.84,1706.84,1706.84,1706.84,0.054,1612447019999,92.16936,1,0.000,0.00000,0
1612447020000,1706.99,1706.99,1706.52,1706.52,0.351,1612447079999,599.08387,3,0.054,92.15208,0
1612447080000,1706.55,1706.55,1703.79,1703.79,0.148,1612447139999,252.45348,2,0.000,0.00000,0
1612447140000,1702.42,1703.56,1690.11,1703.56,56.440,1612447199999,95533.35850,41,0.130,221.35952,0
1612447200000,1703.63,1703.63,1703.07,1703.07,0.274,1612447259999,466.72462,2,0.000,0.00000,0
1612447260000,1699.30,1699.30,1699.30,1699.30,0.020,1612447319999,33.98600,1,0.000,0.00000,0
1612447320000,1703.11,1704.20,1703.11,1704.20,0.215,1612447379999,366.27656,2,0.116,197.56076,0
1612447380000,1704.22,1704.29,1703.20,1704.29,0.503,1612447439999,856.99050,4,0.173,294.83650,0
1612447440000,1704.10,1704.54,1693.68,1704.54,3.966,1612447499999,6725.19882,13,0.025,42.58848,0
1612447500000,1703.64,1704.32,1703.64,1704.32,0.220,1612447559999,374.84228,2,0.220,374.84228,0
1612447560000,1704.00,1704.30,1699.22,1699.22,0.679,1612447619999,1156.68800,3,0.000,0.00000,0
1612447620000,1704.54,1704.54,1704.54,1704.54,0.021,1612447679999,35.79534,1,0.000,0.00000,0
1612447680000,1704.54,1707.70,1703.42,1707.70,0.520,1612447739999,887.43555,6,0.129,219.75329,0
1612447740000,1709.77,1709.77,1705.40,1709.48,0.415,1612447799999,708.34706,3,0.143,244.47826,0
1612447800000,1710.35,1710.35,1708.90,1709.93,1.420,1612447859999,2428.58872,7,1.351,2310.60963,0
1612447860000,1707.60,1710.35,1707.60,1709.96,1.217,1612447919999,2078.63527,4,0.217,371.03527,0
1612447920000,1709.85,1709.85,1709.55,1709.55,0.200,1612447979999,341.95890,2,0.163,278.70555,0
1612447980000,1709.84,1709.84,1709.84,1709.84,0.123,1612448039999,210.31032,1,0.000,0.00000,0
1612448040000,1709.77,1709.77,1709.37,1709.37,0.182,1612448099999,311.14014,2,0.095,162.39015,0
1612448100000,1709.82,1710.53,1709.27,1710.53,0.267,1612448159999,456.52371,3,0.170,290.60230,0
1612448160000,1710.36,1710.36,1710.03,1710.35,0.634,1612448219999,1084.34580,4,0.455,778.19315,0
1612448220000,1710.35,1710.35,1710.35,1710.35,0.000,1612448279999,0.00000,0,0.000,0.00000,0
1612448280000,1711.07,1711.08,1711.07,1711.08,0.264,1612448339999,451.72346,2,0.166,284.03762,0
1612448340000,1711.26,1711.59,1711.19,1711.19,0.248,1612448399999,424.39759,5,0.248,424.39759,0
1612448400000,1712.55,1712.69,1710.37,1710.37,0.285,1612448459999,488.06776,5,0.197,337.39993,0
1612448460000,1712.38,1712.38,1712.38,1712.38,0.108,1612448519999,184.93704,1,0.000,0.00000,0
1612448520000,1712.12,1712.12,1710.34,1710.34,0.159,1612448579999,272.21106,2,0.150,256.81800,0
1612448580000,1712.86,1712.86,1710.34,1710.34,0.985,1612448639999,1686.19186,2,0.598,1024.29028,0
1612448640000,1710.34,1712.22,1710.34,1711.92,0.664,1612448699999,1136.32290,3,0.147,251.69634,0
1612448700000,1710.34,1712.41,1710.34,1712.41,4.383,1612448759999,7497.20007,4,0.092,157.53252,0
1612448760000,1712.37,1712.81,1712.37,1712.81,3.808,1612448819999,6522.34968,2,3.738,6402.48378,0
1612448820000,1711.90,1712.02,1711.90,1712.02,0.273,1612448879999,467.35506,2,0.220,376.61800,0
1612448880000,1712.15,1712.15,1712.15,1712.15,0.058,1612448939999,99.30470,1,0.000,0.00000,0
1612448940000,1712.25,1712.74,1712.25,1712.34,7.064,1612448999999,12098.56574,5,6.769,11593.43858,0
1612449000000,1712.11,1712.53,1712.06,1712.25,0.282,1612449059999,482.86475,4,0.149,255.13550,0
1612449060000,1712.26,1712.26,1697.86,1700.73,7.124,1612449119999,12106.90986,14,0.182,311.61688,0
1612449120000,1701.22,1701.22,1701.19,1701.19,0.283,1612449179999,481.44016,2,0.283,481.44016,0
1612449180000,1697.84,1701.08,1697.84,1700.50,0.464,1612449239999,788.97428,5,0.409,695.59308,0
1612449240000,1701.99,1701.99,1688.15,1688.15,30.905,1612449299999,52197.37180,11,0.001,1.70199,0
1612449300000,1692.65,1692.65,1691.16,1691.16,0.278,1612449359999,470.18569,2,0.029,49.08685,0
1612449360000,1688.17,1692.01,1688.17,1691.42,1.746,1612449419999,2948.75562,9,0.036,60.91236,0
1612449420000,1691.31,1708.93,1691.31,1697.17,31.072,1612449479999,52991.25253,25,30.793,52519.28226,0
1612449480000,1697.75,1697.75,1688.17,1688.17,0.883,1612449539999,1493.96011,9,0.000,0.00000,0
1612449540000,1692.63,1692.69,1691.64,1691.64,0.389,1612449599999,658.35555,4,0.235,397.77729,0
1612449600000,1692.67,1693.66,1692.67,1693.18,0.183,1612449659999,309.81672,4,0.104,176.05550,0
1612449660000,1692.74,1693.66,1692.74,1692.96,0.179,1612449719999,303.07004,4,0.122,206.57132,0
1612449720000,1693.01,1693.18,1688.15,1688.15,0.217,1612449779999,367.05940,4,0.093,157.46574,0
1612449780000,1692.70,1695.00,1692.70,1693.73,1.852,1612449839999,3138.55513,5,1.852,3138.55513,0
1612449840000,1693.80,1694.56,1688.13,1688.13,8.047,1612449899999,13634.67684,13,7.910,13402.82634,0
1612449900000,1688.14,1692.47,1688.14,1692.47,0.361,1612449959999,610.06320,4,0.261,441.24920,0
1612449960000,1693.66,1695.01,1688.13,1693.66,0.397,1612450019999,671.60040,8,0.194,328.59319,0
1612450020000,1690.89,1693.66,1688.13,1690.12,3.345,1612450079999,5647.88134,13,0.313,529.46566,0
1612450080000,1688.13,1688.14,1688.13,1688.13,5.072,1612450139999,8562.19608,14,0.072,121.54608,0
1612450140000,1688.14,1688.14,1688.13,1688.13,13.154,1612450199999,22205.79202,5,13.000,21945.82000,0
1612450200000,1688.13,1688.13,1680.14,1680.14,3.754,1612450259999,6324.73214,9,0.000,0.00000,0
1612450260000,1683.78,1684.70,1670.12,1676.77,14.209,1612450319999,23837.74903,51,7.711,12965.96898,0
1612450320000,1674.38,1679.85,1673.41,1678.57,0.233,1612450379999,390.83631,7,0.178,298.60590,0
1612450380000,1678.31,1678.31,1673.41,1673.41,0.845,1612450439999,1414.65203,5,0.000,0.00000,0
1612450440000,1674.08,1677.86,1674.08,1677.28,0.216,1612450499999,362.05212,5,0.137,229.79980,0
1612450500000,1674.38,1674.38,1672.40,1672.40,0.500,1612450559999,836.20396,2,0.000,0.00000,0
1612450560000,1672.40,1674.73,1670.00,1670.00,13.256,1612450619999,22140.32301,35,0.197,329.72466,0
1612450620000,1672.24,1672.24,1670.00,1670.00,18.875,1612450679999,31521.90184,23,0.291,486.62184,0
1612450680000,1670.00,1673.58,1670.00,1670.00,14.429,1612450739999,24096.98828,16,0.136,227.31312,0
1612450740000,1673.13,1673.13,1642.01,1654.46,31.450,1612450799999,52052.85118,1546,5.410,8935.94108,0
1612450800000,1655.33,1677.90,1642.91,1677.90,4.110,1612450859999,6816.08174,1071,3.482,5778.51834,0
1612450860000,1674.38,1680.12,1663.87,1679.02,1.392,1612450919999,2335.90813,479,1.375,2307.51976,0
1612450920000,1677.12,1677.12,1652.71,1652.71,3.884,1612450979999,6434.55071,82,0.182,303.57587,0
1612450980000,1658.04,1659.39,1647.70,1659.39,5.472,1612451039999,9044.77972,58,1.133,1874.90273,0
1612451040000,1659.39,1659.49,1656.89,1658.16,0.869,1612451099999,1441.37888,26,0.813,1348.59304,0
1612451100000,1658.14,1659.49,1653.81,1657.08,1.839,1612451159999,3044.03545,22,0.235,389.81960,0
1612451160000,1658.04,1660.23,1643.90,1654.22,3.269,1612451219999,5405.71729,62,0.641,1062.81329,0
1612451220000,1649.92,1651.42,1638.60,1638.60,3.370,1612451279999,5538.25942,76,0.770,1269.61239,0
1612451280000,1641.85,1647.88,1641.26,1646.74,0.684,1612451339999,1124.80561,36,0.342,562.95151,0
1612451340000,1646.74,1651.12,1645.75,1647.23,0.801,1612451399999,1321.10198,20,0.800,1319.45475,0
1612451400000,1650.31,1651.12,1634.08,1635.53,1.643,1612451459999,2693.76469,76,0.496,815.78709,0
1612451460000,1635.53,1651.12,1634.08,1651.12,5.907,1612451519999,9716.02060,26,5.898,9701.31388,0
1612451520000,1651.12,1652.78,1642.85,1647.23,0.699,1612451579999,1153.18993,19,0.606,999.61589,0
1612451580000,1646.68,1647.23,1639.17,1639.17,0.186,1612451639999,306.32703,5,0.181,298.11508,0
1612451640000,1644.54,1648.98,1641.52,1643.06,0.528,1612451699999,868.23318,14,0.159,261.83254,0
1612451700000,1643.23,1647.09,1643.23,1646.29,0.797,1612451759999,1311.80270,6,0.580,954.88213,0
1612451760000,1647.23,1649.92,1644.29,1645.01,0.577,1612451819999,951.42625,8,0.557,918.53407,0
1612451820000,1644.81,1645.01,1644.80,1644.80,0.259,1612451879999,426.02473,3,0.173,284.57193,0
1612451880000,1645.41,1648.15,1645.41,1647.39,0.243,1612451939999,400.22167,12,0.074,121.96126,0
1612451940000,1647.57,1647.57,1638.76,1638.76,1.327,1612451999999,2179.96006,10,0.227,373.99041,0
1612452000000,1641.01,1645.99,1626.49,1638.36,10.790,1612452059999,17640.32459,95,5.730,9394.37641,0
1612452060000,1638.35,1638.36,1627.83,1633.82,0.717,1612452119999,1172.43891,27,0.420,687.71812,0
1612452120000,1632.06,1633.82,1626.42,1633.82,3.424,1612452179999,5574.01687,20,0.101,165.01048,0
1612452180000,1633.81,1635.10,1625.79,1631.00,1.497,1612452239999,2438.14573,72,0.555,905.67684,0
1612452240000,1631.00,1633.62,1625.79,1633.62,0.504,1612452299999,822.13546,10,0.236,385.32661,0
1612452300000,1632.95,1633.10,1623.19,1628.48,6.101,1612452359999,9922.88090,14,0.500,816.53450,0
1612452360000,1629.40,1629.40,1629.09,1629.09,0.270,1612452419999,439.90328,2,0.158,257.44520,0
1612452420000,1628.49,1630.26,1625.85,1625.85,0.548,1612452479999,892.56956,5,0.151,245.96994,0
1612452480000,1629.80,1630.35,1625.85,1629.42,2.959,1612452539999,4813.71761,6,0.208,339.06288,0
1612452540000,1625.91,1629.98,1625.91,1629.98,2.632,1612452599999,4279.57420,2,0.000,0.00000,0
1612452600000,1630.23,1632.54,1630.23,1631.62,0.375,1612452659999,611.72310,13,0.214,349.18657,0
1612452660000,1633.17,1633.75,1633.17,1633.75,1.792,1612452719999,2927.08288,4,1.792,2927.08288,0
1612452720000,1632.19,1632.19,1628.53,1628.53,1.820,1612452779999,2964.17714,2,0.000,0.00000,0
1612452780000,1632.03,1632.44,1632.03,1632.44,0.195,1612452839999,318.29013,2,0.087,141.98661,0
1612452840000,1632.81,1633.75,1632.69,1633.06,0.358,1612452899999,584.71612,4,0.312,509.60686,0
1612452900000,1633.43,1641.85,1633.43,1639.57,3.409,1612452959999,5583.34424,14,3.355,5495.13902,0
1612452960000,1644.16,1644.89,1636.50,1641.60,0.514,1612453019999,843.64428,14,0.253,415.56665,0
1612453020000,1639.17,1639.97,1632.27,1635.62,2.970,1612453079999,4861.66482,15,1.302,2134.72248,0
1612453080000,1636.10,1636.11,1635.99,1636.11,0.341,1612453139999,557.89740,3,0.218,356.65710,0
1612453140000,1636.11,1636.11,1636.11,1636.11,0.000,1612453199999,0.00000,0,0.000,0.00000,0
1612453200000,1636.49,1641.54,1636.49,1639.73,7.599,1612453259999,12463.87695,6,0.088,144.43312,0
1612453260000,1641.85,1643.85,1639.74,1643.14,0.306,1612453319999,502.65934,6,0.252,414.02158,0
1612453320000,1643.14,1652.78,1643.14,1652.25,7.653,1612453379999,12602.74074,25,7.533,12404.52474,0
1612453380000,1652.16,1652.16,1652.16,1652.16,0.074,1612453439999,122.25984,1,0.074,122.25984,0
1612453440000,1651.84,1652.78,1650.00,1652.24,1.684,1612453499999,2782.68715,5,1.351,2232.85664,0
1612453500000,1652.31,1655.22,1647.86,1650.86,1.431,1612453559999,2361.80363,27,0.272,449.53831,0
1612453560000,1651.87,1655.17,1650.97,1650.97,0.752,1612453619999,1243.68902,5,0.621,1027.36377,0
1612453620000,1651.27,1651.41,1650.11,1650.11,0.489,1612453679999,807.34788,4,0.253,417.75372,0
1612453680000,1650.42,1652.26,1647.86,1652.26,1.397,1612453739999,2303.87526,29,0.238,392.97212,0
1612453740000,1652.26,1652.26,1638.00,1649.37,15.414,1612453799999,25276.15415,39,0.259,427.27300,0
1612453800000,1648.56,1649.37,1643.12,1643.12,1.439,1612453859999,2368.91383,18,0.713,1175.63311,0
1612453860000,1644.66,1658.02,1644.66,1658.02,37.250,1612453919999,61691.91132,27,36.355,60215.10062,0
1612453920000,1658.04,1670.98,1649.94,1666.19,113.899,1612453979999,189716.89825,331,111.076,185036.56368,0
1612453980000,1666.19,1670.98,1661.76,1661.76,5.654,1612454039999,9443.85290,65,5.175,8646.38999,0
1612454040000,1666.19,1670.99,1666.19,1670.89,0.760,1612454099999,1269.27760,8,0.711,1187.59068,0
1612454100000,1667.29,1672.70,1659.88,1667.10,2.513,1612454159999,4195.55183,101,2.364,3947.16704,0
1612454160000,1670.95,1670.99,1658.54,1658.54,5.462,1612454219999,9080.92457,55,0.930,1551.73148,0
1612454220000,1658.95,1675.70,1658.54,1658.92,6.095,1612454279999,10135.81676,29,2.028,3368.73950,0
1612454280000,1660.00,1660.00,1647.65,1655.60,104.982,1612454339999,173141.19846,533,2.998,4948.11944,0
1612454340000,1653.88,1653.88,1645.54,1645.54,4.662,1612454399999,7689.84956,8,0.273,450.18318,0
1612454400000,1645.40,1652.16,1635.29,1648.02,38.757,1612454459999,63503.50730,142,0.511,840.45636,0
1612454460000,1647.30,1647.30,1631.49,1644.90,3.719,1612454519999,6084.87219,84,0.595,977.30064,0
1612454520000,1643.85,1644.90,1643.85,1644.07,0.653,1612454579999,1073.92131,53,0.479,787.84587,0
1612454580000,1643.53,1643.56,1643.53,1643.56,0.228,1612454639999,374.72991,2,0.059,96.96827,0
1612454640000,1642.12,1647.35,1639.19,1644.54,1.654,1612454699999,2720.93075,16,1.532,2520.68696,0
1612454700000,1643.77,1643.77,1639.21,1643.47,0.461,1612454759999,757.44764,6,0.108,177.49158,0
1612454760000,1640.55,1643.85,1640.55,1643.68,1.511,1612454819999,2479.33681,6,0.073,119.99612,0
1612454820000,1640.54,1640.54,1638.00,1639.57,0.177,1612454879999,290.22846,17,0.160,262.36990,0
1612454880000,1639.33,1639.55,1639.33,1639.55,0.281,1612454939999,460.67835,2,0.281,460.67835,0
1612454940000,1639.60,1639.82,1638.78,1639.82,0.227,1612454999999,372.14174,3,0.149,244.31690,0
1612455000000,1639.34,1639.34,1631.16,1631.16,2.266,1612455059999,3706.42000,25,1.746,2856.05536,0
1612455060000,1631.16,1635.58,1631.16,1634.88,0.671,1612455119999,1095.97438,4,0.210,343.32010,0
1612455120000,1636.49,1642.49,1634.49,1638.62,0.118,1612455179999,193.35161,10,0.107,175.35886,0
1612455180000,1638.44,1641.00,1636.73,1639.99,0.219,1612455239999,358.81643,5,0.063,103.32581,0
1612455240000,1636.73,1640.97,1636.73,1640.97,0.813,1612455299999,1331.41137,4,0.000,0.00000,0
1612455300000,1640.45,1640.45,1636.50,1640.32,2.028,1612455359999,3320.94084,5,0.000,0.00000,0
1612455360000,1639.87,1640.81,1639.87,1640.81,0.395,1612455419999,647.86654,3,0.395,647.86654,0
1612455420000,1641.85,1652.55,1633.85,1638.60,40.465,1612455479999,66333.57424,105,8.969,14765.32838,0
1612455480000,1639.17,1641.67,1639.17,1641.41,0.809,1612455539999,1327.73337,8,0.682,1119.35177,0
1612455540000,1641.17,1641.85,1640.10,1640.10,0.494,1612455599999,810.80653,6,0.422,692.71933,0
1612455600000,1642.02,1642.02,1639.21,1639.21,1.009,1612455659999,1654.20635,4,0.039,64.01788,0
1612455660000,1640.30,1641.71,1639.20,1641.51,0.914,1612455719999,1499.45787,5,0.192,315.17706,0
1612455720000,1641.92,1641.92,1640.98,1641.40,0.267,1612455779999,438.25018,4,0.138,226.53712,0
1612455780000,1641.48,1644.08,1641.34,1644.08,1.618,1612455839999,2658.44390,7,1.520,2497.59258,0
1612455840000,1643.72,1647.23,1643.72,1646.23,2.221,1612455899999,3656.13945,6,2.089,3439.04542,0
1612455900000,1647.23,1647.23,1646.22,1646.22,0.163,1612455959999,268.34295,2,0.009,14.82507,0
1612455960000,1646.20,1646.30,1642.02,1642.80,0.306,1612456019999,503.45346,5,0.242,398.36028,0
1612456020000,1646.28,1646.28,1646.28,1646.28,0.134,1612456079999,220.60152,1,0.134,220.60152,0
1612456080000,1646.06,1646.06,1645.18,1645.18,0.305,1612456139999,501.82302,2,0.000,0.00000,0
1612456140000,1646.30,1647.11,1646.19,1647.11,0.299,1612456199999,492.36039,3,0.177,291.51179,0
1612456200000,1647.22,1651.22,1647.08,1649.71,1.181,1612456259999,1949.28906,7,0.941,1553.78709,0
1612456260000,1650.57,1652.08,1650.38,1652.08,0.423,1612456319999,698.42402,4,0.339,559.77614,0
1612456320000,1652.05,1655.33,1652.05,1655.33,0.058,1612456379999,95.82660,3,0.058,95.82660,0
1612456380000,1655.77,1658.98,1649.29,1658.98,2.564,1612456439999,4239.00462,13,0.341,564.83334,0
1612456440000,1659.93,1663.97,1659.93,1663.97,1.286,1612456499999,2137.63421,12,1.124,1868.68181,0
1612456500000,1661.47,1661.47,1652.33,1660.10,1.731,1612456559999,2870.01992,12,0.141,233.62341,0
1612456560000,1660.75,1664.05,1660.75,1664.05,0.500,1612456619999,832.01724,3,0.500,832.01724,0
1612456620000,1664.05,1664.05,1663.16,1663.16,1.105,1612456679999,1838.65493,3,1.068,1777.10839,0
1612456680000,1663.28,1663.28,1659.54,1662.43,0.217,1612456739999,360.67702,5,0.000,0.00000,0
1612456740000,1663.13,1663.13,1658.80,1658.80,0.198,1612456799999,328.89032,3,0.108,179.59832,0
1612456800000,1661.42,1662.25,1661.42,1662.25,0.303,1612456859999,503.51198,3,0.145,241.00762,0
1612456860000,1662.29,1662.29,1662.29,1662.29,0.077,1612456919999,127.99633,1,0.077,127.99633,0
1612456920000,1662.21,1662.39,1661.78,1662.39,0.279,1612456979999,463.77339,3,0.165,274.29435,0
1612456980000,1663.47,1665.85,1663.47,1665.85,0.960,1612457039999,1597.98748,4,0.960,1597.98748,0
1612457040000,1664.84,1664.98,1664.84,1664.98,0.119,1612457099999,198.12464,2,0.057,94.89588,0
1612457100000,1665.85,1665.85,1658.04,1658.66,0.324,1612457159999,537.40744,21,0.126,209.06422,0
1612457160000,1660.06,1660.55,1658.50,1660.55,0.239,1612457219999,396.72335,3,0.205,340.33435,0
1612457220000,1660.74,1667.42,1660.74,1663.24,0.469,1612457279999,781.72566,8,0.300,500.19562,0
1612457280000,1666.18,1666.18,1664.37,1666.18,0.852,1612457339999,1419.07856,3,0.000,0.00000,0
1612457340000,1666.18,1666.18,1664.37,1664.37,1.577,1612457399999,2627.32821,5,0.000,0.00000,0
1612457400000,1666.19,1671.41,1666.19,1667.08,1.314,1612457459999,2195.35928,10,1.255,2096.85006,0
1612457460000,1670.66,1670.90,1666.20,1666.20,1.422,1612457519999,2369.85850,4,0.060,100.23960,0
1612457520000,1668.15,1671.09,1668.15,1671.09,0.254,1612457579999,424.10135,4,0.139,232.24410,0
1612457580000,1669.41,1670.62,1661.63,1670.62,13.745,1612457639999,22896.80053,15,0.083,138.64920,0
1612457640000,1671.00,1673.98,1671.00,1673.83,0.179,1612457699999,299.59535,5,0.091,152.28511,0
1612457700000,1673.86,1673.99,1672.40,1673.87,0.633,1612457759999,1059.03322,4,0.190,318.04536,0
1612457760000,1674.09,1675.78,1673.68,1675.78,1.493,1612457819999,2500.94559,5,1.057,1771.14280,0
1612457820000,1676.66,1677.11,1671.66,1677.11,1.715,1612457879999,2875.01715,11,0.031,51.94019,0
1612457880000,1677.11,1682.16,1671.66,1682.16,2.577,1612457939999,4325.73346,22,0.738,1240.11065,0
1612457940000,1681.15,1681.30,1673.56,1673.56,0.320,1612457999999,537.76574,6,0.212,356.26868,0
1612458000000,1677.12,1679.84,1673.56,1679.84,1.216,1612458059999,2039.57754,8,0.611,1026.37136,0
1612458060000,1678.88,1682.16,1676.30,1678.79,1.090,1612458119999,1830.25662,7,0.445,748.39918,0
1612458120000,1678.72,1688.13,1678.72,1686.85,0.598,1612458179999,1007.65888,11,0.361,609.18442,0
1612458180000,1687.44,1691.68,1685.00,1691.68,2.044,1612458239999,3454.32262,11,1.899,3209.77340,0
1612458240000,1688.13,1688.13,1685.37,1688.13,0.164,1612458299999,276.68818,6,0.013,21.94569,0
1612458300000,1687.33,1687.50,1687.33,1687.50,0.118,1612458359999,199.11344,2,0.000,0.00000,0
1612458360000,1687.52,1687.52,1687.52,1687.52,0.222,1612458419999,374.62944,1,0.222,374.62944,0
1612458420000,1689.61,1689.61,1688.62,1688.62,0.288,1612458479999,486.41265,2,0.091,153.75451,0
1612458480000,1689.90,1694.40,1689.90,1693.79,2.337,1612458539999,3955.41383,7,2.086,3531.24577,0
1612458540000,1693.60,1694.40,1693.40,1694.40,0.681,1612458599999,1153.65431,5,0.681,1153.65431,0
1612458600000,1693.79,1695.70,1690.13,1693.05,0.225,1612458659999,380.97934,5,0.214,362.38639,0
1612458660000,1690.13,1693.66,1690.13,1692.92,0.330,1612458719999,558.72494,6,0.100,169.36600,0
1612458720000,1693.14,1693.18,1692.99,1692.99,0.340,1612458779999,575.65058,4,0.182,308.12994,0
1612458780000,1693.03,1693.03,1692.98,1692.98,0.274,1612458839999,463.88412,3,0.000,0.00000,0
1612458840000,1694.60,1694.60,1694.41,1694.41,0.229,1612458899999,388.05124,2,0.229,388.05124,0
1612458900000,1693.43,1697.26,1693.43,1697.26,2.308,1612458959999,3911.37364,6,2.255,3821.62185,0
1612458960000,1696.80,1696.87,1696.58,1696.58,0.198,1612459019999,335.95139,3,0.000,0.00000,0
1612459020000,1696.88,1697.26,1692.20,1693.18,0.670,1612459079999,1135.97570,12,0.457,775.36266,0
1612459080000,1693.05,1693.14,1692.07,1692.30,0.310,1612459139999,524.77374,4,0.145,245.45700,0
1612459140000,1692.26,1692.26,1692.04,1692.04,0.398,1612459199999,673.49814,3,0.000,0.00000,0
1612459200000,1692.00,1695.59,1692.00,1695.59,0.169,1612459259999,286.22802,2,0.078,132.25602,0
1612459260000,1692.54,1697.26,1692.54,1694.54,0.388,1612459319999,657.37251,5,0.162,274.79126,0
1612459320000,1697.84,1698.75,1694.67,1694.67,0.378,1612459379999,641.40443,4,0.378,641.40443,0
1612459380000,1698.75,1698.75,1698.75,1698.75,0.065,1612459439999,110.41875,1,0.065,110.41875,0
1612459440000,1697.78,1697.78,1696.82,1696.82,0.231,1612459499999,392.09982,2,0.231,392.09982,0
1612459500000,1697.35,1697.82,1697.35,1697.82,0.241,1612459559999,409.14924,2,0.241,409.14924,0
1612459560000,1694.66,1694.66,1694.66,1694.66,0.186,1612459619999,315.20676,1,0.186,315.20676,0
1612459620000,1694.61,1697.89,1694.61,1697.65,0.274,1612459679999,464.92698,3,0.085,144.04185,0
1612459680000,1698.09,1698.09,1698.09,1698.09,0.147,1612459739999,249.61923,1,0.000,0.00000,0
1612459740000,1698.09,1698.09,1698.09,1698.09,0.000,1612459799999,0.00000,0,0.000,0.00000,0
1612459800000,1696.40,1696.40,1691.68,1693.19,0.935,1612459859999,1582.32418,7,0.332,562.01044,0
1612459860000,1696.43,1698.63,1694.32,1698.63,1.339,1612459919999,2271.81914,8,1.119,1899.05994,0
1612459920000,1697.45,1697.45,1694.01,1696.79,0.426,1612459979999,722.74432,4,0.065,110.29135,0
1612459980000,1696.30,1700.47,1696.30,1700.47,0.120,1612460039999,203.65511,4,0.010,17.00216,0
1612460040000,1700.37,1700.79,1700.37,1700.79,0.166,1612460099999,282.31434,2,0.166,282.31434,0
1612460100000,1700.76,1700.76,1696.30,1696.30,1.742,1612460159999,2955.47341,8,0.000,0.00000,0
1612460160000,1696.90,1696.90,1696.79,1696.85,0.200,1612460219999,339.37450,3,0.170,288.47080,0
1612460220000,1697.31,1700.52,1694.99,1695.88,0.975,1612460279999,1656.39264,7,0.962,1634.35489,0
1612460280000,1695.70,1696.16,1695.70,1695.80,0.272,1612460339999,461.27378,3,0.153,259.48548,0
1612460340000,1697.98,1699.20,1697.98,1699.20,1.919,1612460399999,3260.44242,5,1.546,2626.96320,0
1612460400000,1698.62,1701.81,1694.02,1701.81,1.358,1612460459999,2304.13209,10,0.389,660.90150,0
1612460460000,1699.20,1701.81,1696.41,1700.19,1.096,1612460519999,1862.93614,7,1.011,1718.49672,0
1612460520000,1700.88,1700.88,1700.26,1700.26,0.387,1612460579999,658.12988,3,0.000,0.00000,0
1612460580000,1701.81,1701.81,1697.81,1697.81,0.224,1612460639999,381.08724,4,0.114,194.00034,0
1612460640000,1699.22,1699.22,1694.59,1694.59,0.158,1612460699999,268.21090,4,0.102,173.31018,0
1612460700000,1694.59,1694.59,1688.62,1690.20,3.185,1612460759999,5388.69516,13,0.127,214.65832,0
1612460760000,1693.66,1695.98,1690.89,1690.89,0.222,1612460819999,375.77181,6,0.100,169.41403,0
1612460820000,1691.41,1691.61,1688.64,1688.64,0.389,1612460879999,657.98525,4,0.082,138.70628,0
1612460880000,1689.79,1696.42,1689.79,1691.92,3.391,1612460939999,5748.03822,7,3.069,5203.39973,0
1612460940000,1691.93,1692.37,1691.83,1692.28,0.327,1612460999999,553.31686,4,0.157,265.69336,0
1612461000000,1693.96,1693.96,1684.99,1686.13,4.127,1612461059999,6965.62989,29,0.875,1477.93731,0
1612461060000,1686.13,1696.37,1686.13,1696.37,4.095,1612461119999,6933.48023,37,3.820,6468.53565,0
1612461120000,1694.37,1696.37,1691.81,1694.37,1.705,1612461179999,2891.41849,16,1.705,2891.41849,0
1612461180000,1694.37,1694.37,1692.97,1694.36,0.132,1612461239999,223.50416,14,0.023,38.97043,0
1612461240000,1694.36,1696.36,1689.91,1694.35,0.873,1612461299999,1479.30316,27,0.708,1200.27504,0
1612461300000,1694.35,1694.35,1691.84,1691.84,0.352,1612461359999,595.73921,7,0.352,595.73921,0
1612461360000,1693.00,1696.36,1692.38,1696.35,0.911,1612461419999,1544.17662,9,0.787,1334.28094,0
1612461420000,1696.36,1696.36,1691.94,1696.35,0.599,1612461479999,1015.94502,6,0.560,949.95936,0
1612461480000,1693.89,1696.34,1693.89,1694.34,0.954,1612461539999,1617.59403,5,0.930,1576.94067,0
1612461540000,1696.33,1698.17,1694.34,1698.17,0.947,1612461599999,1606.93414,16,0.709,1203.58474,0
1612461600000,1694.66,1701.81,1693.89,1698.02,2.284,1612461659999,3876.78151,17,1.829,3105.37340,0
1612461660000,1697.36,1704.25,1696.43,1701.09,2.759,1612461719999,4696.68610,9,2.578,4389.33945,0
1612461720000,1701.80,1701.80,1699.68,1699.68,1.219,1612461779999,2074.17620,2,1.219,2074.17620,0
1612461780000,1700.19,1701.79,1696.80,1701.79,0.320,1612461839999,544.07921,7,0.176,299.50704,0
1612461840000,1700.34,1707.55,1696.80,1704.80,2.118,1612461899999,3604.70843,26,0.723,1233.60187,0
1612461900000,1704.80,1707.55,1701.42,1701.42,1.927,1612461959999,3282.49712,11,0.642,1095.88026,0
1612461960000,1701.05,1703.53,1700.12,1702.76,0.690,1612462019999,1173.62145,12,0.077,130.99111,0
1612462020000,1702.76,1702.76,1700.91,1702.76,0.448,1612462079999,762.14412,11,0.018,30.64968,0
1612462080000,1702.76,1704.76,1701.49,1701.49,1.288,1612462139999,2195.30892,10,1.170,1994.53310,0
1612462140000,1700.00,1702.17,1700.00,1700.53,0.206,1612462199999,350.45978,3,0.093,158.14929,0
1612462200000,1700.46,1700.61,1700.00,1700.61,0.404,1612462259999,687.01040,3,0.224,380.90304,0
1612462260000,1702.74,1702.74,1698.68,1702.74,0.869,1612462319999,1478.81984,8,0.788,1341.14652,0
1612462320000,1700.73,1700.73,1698.68,1699.99,0.081,1612462379999,137.67719,12,0.058,98.60651,0
1612462380000,1699.99,1704.76,1699.29,1702.76,0.255,1612462439999,433.85569,15,0.129,219.74515,0
1612462440000,1703.61,1703.61,1700.15,1702.75,0.480,1612462499999,817.12421,15,0.148,251.80876,0
1612462500000,1702.75,1704.75,1698.40,1699.99,0.666,1612462559999,1132.70209,18,0.584,993.39254,0
1612462560000,1698.40,1708.06,1698.40,1705.56,10.317,1612462619999,17604.50063,39,9.343,15945.14340,0
1612462620000,1705.56,1709.24,1704.46,1706.10,0.937,1612462679999,1600.81724,18,0.831,1420.14076,0
1612462680000,1709.60,1709.70,1700.04,1707.20,5.279,1612462739999,9002.02466,32,1.921,3278.02926,0
1612462740000,1707.20,1713.79,1704.80,1712.40,2.943,1612462799999,5030.28694,28,2.123,3631.44854,0
1612462800000,1712.40,1712.40,1711.07,1711.07,0.314,1612462859999,537.30016,9,0.314,537.30016,0
1612462860000,1710.35,1711.15,1701.99,1710.35,5.747,1612462919999,9808.45440,36,1.870,3193.90272,0
1612462920000,1708.06,1712.63,1708.06,1710.63,0.623,1612462979999,1066.36985,11,0.557,953.63789,0
1612462980000,1710.63,1711.67,1710.63,1710.63,0.049,1612463039999,83.85519,11,0.016,27.37008,0
1612463040000,1709.48,1710.63,1709.48,1710.63,0.206,1612463099999,352.21668,12,0.205,350.50720,0
1612463100000,1710.63,1712.63,1706.94,1712.63,0.490,1612463159999,836.57450,12,0.036,61.58248,0
1612463160000,1712.63,1714.68,1711.66,1714.68,1.887,1612463219999,3233.00426,6,1.887,3233.00426,0
1612463220000,1714.68,1715.96,1711.90,1715.96,0.649,1612463279999,1112.35450,4,0.649,1112.35450,0
1612463280000,1713.64,1713.64,1713.61,1713.61,0.337,1612463339999,577.48912,2,0.085,145.65940,0
1612463340000,1713.78,1713.78,1709.67,1711.15,0.620,1612463399999,1060.43659,12,0.012,20.53380,0
1612463400000,1711.15,1711.15,1706.94,1708.35,0.985,1612463459999,1682.62019,18,0.129,220.67776,0
1612463460000,1707.78,1707.78,1707.51,1707.51,0.086,1612463519999,146.86071,2,0.000,0.00000,0
1612463520000,1708.20,1708.20,1707.66,1707.66,0.304,1612463579999,519.17310,3,0.065,111.03300,0
1612463580000,1708.13,1713.98,1708.13,1710.35,1.257,1612463639999,2153.85413,5,1.255,2150.43343,0
1612463640000,1710.93,1710.93,1697.62,1705.31,8.610,1612463699999,14658.37612,35,0.744,1271.51028,0
1612463700000,1707.56,1709.89,1704.77,1705.82,0.594,1612463759999,1013.58007,14,0.348,593.96072,0
1612463760000,1705.15,1705.15,1704.77,1705.07,0.193,1612463819999,329.08007,3,0.191,325.67053,0
1612463820000,1706.30,1707.74,1705.92,1706.30,0.254,1612463879999,433.64730,13,0.254,433.64730,0
1612463880000,1706.30,1707.37,1706.30,1707.13,0.168,1612463939999,286.81088,10,0.008,13.65040,0
1612463940000,1706.30,1706.30,1706.30,1706.30,0.008,1612463999999,13.65040,8,0.008,13.65040,0
1612464000000,1706.04,1706.30,1703.90,1705.56,0.603,1612464059999,1028.11517,15,0.211,359.62972,0
1612464060000,1703.04,1705.56,1703.04,1705.56,0.926,1612464119999,1577.32365,13,0.316,538.46925,0
1612464120000,1703.82,1705.56,1703.82,1705.56,0.560,1612464179999,954.38612,12,0.372,633.94388,0
1612464180000,1705.56,1705.56,1704.39,1705.56,0.081,1612464239999,138.06378,8,0.081,138.06378,0
1612464240000,1705.56,1705.56,1705.56,1705.56,0.008,1612464299999,13.64448,8,0.008,13.64448,0
1612464300000,1705.56,1711.72,1703.79,1710.20,2.656,1612464359999,4539.99878,22,2.540,4341.73042,0
1612464360000,1709.31,1710.58,1708.10,1708.94,1.495,1612464419999,2556.40856,13,1.335,2282.99979,0
1612464420000,1707.56,1707.56,1703.00,1705.56,0.509,1612464479999,867.97016,16,0.077,131.42681,0
1612464480000,1704.88,1705.00,1703.34,1703.56,0.320,1612464539999,545.37004,9,0.121,206.10524,0
1612464540000,1704.90,1705.19,1704.90,1705.19,0.362,1612464599999,617.23954,4,0.220,375.10940,0
1612464600000,1705.17,1706.66,1704.00,1706.66,0.348,1612464659999,593.64724,7,0.204,348.15424,0
1612464660000,1707.56,1711.72,1707.56,1711.72,1.218,1612464719999,2082.17242,9,1.218,2082.17242,0
1612464720000,1710.96,1711.02,1710.93,1711.02,0.285,1612464779999,487.62105,3,0.051,87.26202,0
1612464780000,1711.00,1711.00,1711.00,1711.00,0.169,1612464839999,289.15900,1,0.169,289.15900,0
1612464840000,1710.92,1711.01,1710.80,1710.95,0.407,1612464899999,696.34492,4,0.152,260.06215,0
1612464900000,1710.80,1710.80,1710.80,1710.80,0.080,1612464959999,136.86400,1,0.080,136.86400,0
1612464960000,1711.42,1711.42,1710.34,1710.34,0.212,1612465019999,362.70508,3,0.107,183.11938,0
1612465020000,1713.15,1723.57,1713.15,1723.56,3.693,1612465079999,6345.65039,24,3.520,6048.55262,0
1612465080000,1722.66,1722.66,1722.66,1722.66,0.060,1612465139999,103.35960,1,0.000,0.00000,0
1612465140000,1718.76,1724.00,1717.91,1722.00,0.848,1612465199999,1460.25621,11,0.663,1142.44116,0
1612465200000,1719.84,1732.87,1719.84,1725.24,1.514,1612465259999,2614.99998,37,1.384,2390.85414,0
1612465260000,1728.04,1733.60,1728.04,1731.60,0.146,1612465319999,252.79739,17,0.046,79.69239,0
1612465320000,1731.59,1731.59,1728.41,1730.87,0.397,1612465379999,687.10991,18,0.012,20.77548,0
1612465380000,1730.87,1738.09,1729.34,1736.09,5.296,1612465439999,9198.67105,22,5.202,9035.67223,0
1612465440000,1736.09,1738.09,1731.73,1731.73,0.104,1612465499999,180.32258,19,0.022,38.21392,0
1612465500000,1733.71,1738.08,1731.73,1733.71,1.473,1612465559999,2551.36980,26,0.237,410.94924,0
1612465560000,1733.71,1738.22,1730.25,1736.22,5.523,1612465619999,9594.38986,19,4.864,8454.15511,0
1612465620000,1736.22,1736.33,1731.58,1733.71,0.455,1612465679999,788.51504,17,0.012,20.82962,0
1612465680000,1732.44,1733.71,1732.44,1733.71,0.091,1612465739999,157.66474,11,0.010,17.33710,0
1612465740000,1733.08,1734.95,1725.21,1728.04,2.233,1612465799999,3867.09445,23,1.529,2651.78277,0
1612465800000,1726.23,1728.04,1721.58,1721.58,0.968,1612465859999,1668.49569,24,0.242,417.83379,0
1612465860000,1722.39,1727.51,1716.42,1719.58,3.518,1612465919999,6043.98751,27,0.389,670.28022,0
1612465920000,1719.58,1719.58,1713.15,1713.79,0.568,1612465979999,974.02863,15,0.079,135.72783,0
1612465980000,1714.22,1714.22,1714.22,1714.22,0.140,1612466039999,239.99080,1,0.140,239.99080,0
1612466040000,1715.96,1718.81,1715.96,1715.96,0.124,1612466099999,212.91828,14,0.088,151.14372,0
1612466100000,1718.76,1722.18,1717.20,1720.18,0.100,1612466159999,171.93368,15,0.100,171.93368,0
1612466160000,1722.00,1722.00,1718.73,1719.25,0.219,1612466219999,376.53706,9,0.113,194.28397,0
1612466220000,1718.99,1722.86,1718.99,1720.86,0.260,1612466279999,447.08521,12,0.260,447.08521,0
1612466280000,1720.86,1720.86,1719.23,1720.50,0.253,1612466339999,435.17250,8,0.105,180.52730,0
1612466340000,1720.80,1721.32,1706.41,1708.35,10.120,1612466399999,17319.24262,22,0.107,184.10575,0
1612466400000,1708.35,1708.35,1707.11,1707.11,0.410,1612466459999,699.94423,13,0.080,136.59590,0
1612466460000,1708.35,1708.35,1707.60,1708.35,0.091,1612466519999,155.40060,13,0.091,155.40060,0
1612466520000,1708.35,1708.35,1707.14,1707.74,0.313,1612466579999,534.41566,15,0.261,445.63866,0
1612466580000,1708.34,1712.35,1708.34,1710.35,0.501,1612466639999,857.79919,11,0.485,830.46575,0
1612466640000,1710.78,1712.35,1706.41,1706.41,0.729,1612466699999,1244.89590,12,0.026,44.50910,0
1612466700000,1710.35,1720.45,1706.41,1713.28,8.610,1612466759999,14778.99398,29,8.218,14107.49801,0
1612466760000,1713.27,1713.96,1699.85,1702.77,6.704,1612466819999,11420.88341,27,0.059,101.11245,0
1612466820000,1699.86,1706.13,1699.86,1704.13,2.430,1612466879999,4140.07555,16,2.222,3786.33999,0
1612466880000,1704.13,1704.13,1704.13,1704.13,0.003,1612466939999,5.11239,3,0.003,5.11239,0
1612466940000,1705.70,1705.70,1705.70,1705.70,0.093,1612466999999,158.63010,1,0.093,158.63010,0
1612467000000,1705.45,1705.55,1704.13,1705.49,0.185,1612467059999,315.50595,4,0.136,231.95210,0
1612467060000,1705.48,1705.75,1705.48,1705.67,0.377,1612467119999,643.03614,3,0.083,141.55484,0
1612467120000,1705.51,1705.56,1699.85,1702.77,2.118,1612467179999,3603.68259,15,0.085,144.58535,0
1612467180000,1702.77,1702.77,1700.42,1702.77,0.141,1612467239999,239.82406,12,0.088,149.70180,0
1612467240000,1702.77,1702.77,1695.56,1697.20,3.917,1612467299999,6644.62557,21,0.053,90.03702,0
1612467300000,1697.20,1703.24,1697.11,1703.24,0.579,1612467359999,983.06452,12,0.056,95.17290,0
1612467360000,1701.24,1706.38,1700.77,1704.38,2.920,1612467419999,4975.49327,23,2.920,4975.49327,0
1612467420000,1704.38,1715.96,1704.38,1715.47,11.979,1612467479999,20473.61443,63,11.979,20473.61443,0
1612467480000,1715.26,1719.27,1715.26,1717.26,0.661,1612467539999,1134.85794,13,0.661,1134.85794,0
1612467540000,1717.26,1717.26,1716.42,1716.49,0.387,1612467599999,664.33488,7,0.335,575.08104,0
1612467600000,1716.68,1717.27,1716.68,1717.27,0.178,1612467659999,305.57317,8,0.007,12.02089,0
1612467660000,1717.27,1720.99,1717.27,1720.98,0.360,1612467719999,619.54334,18,0.360,619.54334,0
1612467720000,1716.00,1716.91,1716.00,1716.91,0.605,1612467779999,1038.29648,2,0.128,219.76448,0
1612467780000,1720.97,1720.97,1716.93,1717.67,0.187,1612467839999,321.23061,3,0.120,206.19630,0
1612467840000,1716.00,1716.92,1716.00,1716.92,0.140,1612467899999,240.34764,2,0.117,200.87964,0
1612467900000,1716.85,1717.62,1716.17,1716.17,0.428,1612467959999,734.80203,5,0.159,272.97915,0
1612467960000,1717.10,1717.10,1714.95,1716.55,0.968,1612468019999,1660.39407,7,0.085,145.86380,0
1612468020000,1716.73,1723.99,1716.39,1723.99,0.255,1612468079999,437.91360,6,0.255,437.91360,0
1612468080000,1719.93,1723.97,1719.67,1719.67,0.412,1612468139999,708.64864,4,0.161,276.90987,0
1612468140000,1719.68,1723.84,1719.68,1719.73,0.259,1612468199999,445.50518,4,0.093,160.02120,0
1612468200000,1719.83,1719.83,1718.94,1719.83,0.286,1612468259999,491.77437,3,0.286,491.77437,0
1612468260000,1719.09,1719.16,1718.96,1718.96,0.247,1612468319999,424.61089,3,0.068,116.90288,0
1612468320000,1719.83,1723.99,1719.63,1719.63,0.440,1612468379999,757.71477,6,0.307,528.99122,0
1612468380000,1723.98,1723.98,1719.96,1719.96,0.092,1612468439999,158.28456,2,0.092,158.28456,0
1612468440000,1719.54,1721.58,1719.54,1721.58,0.123,1612468499999,211.51362,2,0.123,211.51362,0
1612468500000,1721.58,1721.58,1721.58,1721.58,0.000,1612468559999,0.00000,0,0.000,0.00000,0
1612468560000,1721.58,1721.58,1721.58,1721.58,0.000,1612468619999,0.00000,0,0.000,0.00000,0
1612468620000,1721.58,1721.58,1721.58,1721.58,0.000,1612468679999,0.00000,0,0.000,0.00000,0
1612468680000,1723.98,1728.79,1723.98,1728.01,0.347,1612468739999,598.72588,12,0.282,486.66718,0
1612468740000,1725.13,1730.03,1725.13,1730.02,1.129,1612468799999,1949.93884,15,0.962,1661.79655,0
1612468800000,1730.03,1730.03,1725.90,1728.02,0.351,1612468859999,606.60463,9,0.191,330.42367,0
1612468860000,1725.55,1738.09,1725.55,1738.09,1.174,1612468919999,2034.59253,33,1.051,1821.29958,0
1612468920000,1736.09,1738.14,1731.03,1731.03,0.380,1612468979999,659.98516,28,0.314,545.72542,0
1612468980000,1732.34,1733.71,1731.03,1733.71,0.248,1612469039999,429.60726,15,0.114,197.50046,0
1612469040000,1731.03,1733.71,1731.03,1733.71,0.266,1612469099999,460.71543,17,0.222,384.52527,0
1612469100000,1733.71,1733.71,1731.03,1731.03,0.157,1612469159999,271.94168,13,0.149,258.09344,0
1612469160000,1733.71,1733.71,1731.03,1733.71,0.075,1612469219999,129.91566,13,0.012,20.80452,0
1612469220000,1733.85,1741.60,1733.00,1736.39,2.396,1612469279999,4160.96394,27,1.060,1845.35484,0
1612469280000,1736.39,1738.39,1734.00,1737.05,4.076,1612469339999,7084.84941,14,4.075,7083.11341,0
1612469340000,1736.26,1736.29,1736.26,1736.29,0.186,1612469399999,322.94643,2,0.069,119.80401,0
1612469400000,1736.47,1738.39,1736.01,1736.44,0.439,1612469459999,762.30626,5,0.056,97.25384,0
1612469460000,1736.63,1736.63,1736.41,1736.61,0.182,1612469519999,316.05888,3,0.182,316.05888,0
1612469520000,1736.47,1736.65,1736.01,1736.01,0.493,1612469579999,855.89617,3,0.030,52.09410,0
1612469580000,1736.46,1738.40,1736.45,1738.40,0.146,1612469639999,253.56700,3,0.146,253.56700,0
1612469640000,1736.89,1743.19,1736.01,1743.19,0.973,1612469699999,1692.33547,7,0.734,1277.42908,0
1612469700000,1741.20,1743.20,1738.23,1739.39,0.093,1612469759999,161.74758,27,0.027,47.02087,0
1612469760000,1739.39,1743.20,1738.23,1741.20,0.125,1612469819999,217.51116,15,0.102,177.53187,0
1612469820000,1741.20,1741.20,1738.73,1738.75,0.578,1612469879999,1005.36807,4,0.504,876.70205,0
1612469880000,1738.79,1738.83,1738.75,1738.83,0.407,1612469939999,707.69157,3,0.265,460.78339,0
1612469940000,1738.74,1738.78,1738.72,1738.77,0.381,1612469999999,662.46257,4,0.235,408.60543,0
1612470000000,1739.59,1745.25,1739.59,1741.74,1.059,1612470059999,1845.53374,15,0.966,1683.47407,0
1612470060000,1741.89,1743.23,1736.37,1736.94,0.874,1612470119999,1519.99076,14,0.638,1110.08338,0
1612470120000,1739.39,1739.39,1737.59,1739.39,0.238,1612470179999,413.62292,17,0.025,43.48475,0
1612470180000,1739.39,1739.39,1736.03,1737.18,1.605,1612470239999,2786.83409,16,0.021,36.52719,0
1612470240000,1739.39,1742.22,1736.03,1738.55,0.895,1612470299999,1556.12719,18,0.443,771.38742,0
1612470300000,1738.90,1739.69,1736.00,1736.00,0.434,1612470359999,754.65507,9,0.306,532.08354,0
1612470360000,1736.13,1736.13,1736.13,1736.13,0.060,1612470419999,104.16780,1,0.060,104.16780,0
1612470420000,1736.13,1736.13,1736.00,1736.00,0.279,1612470479999,484.37769,3,0.000,0.00000,0
1612470480000,1736.00,1736.00,1736.00,1736.00,0.664,1612470539999,1152.70400,2,0.000,0.00000,0
1612470540000,1736.10,1739.38,1736.10,1737.25,3.234,1612470599999,5623.41048,8,3.234,5623.41048,0
1612470600000,1736.65,1739.39,1736.01,1737.81,0.205,1612470659999,356.14173,15,0.183,317.93807,0
1612470660000,1739.35,1739.35,1736.00,1739.30,4.647,1612470719999,8068.25054,13,0.008,13.91360,0
1612470720000,1736.57,1736.57,1736.57,1736.57,0.090,1612470779999,156.29130,1,0.000,0.00000,0
1612470780000,1736.00,1736.00,1736.00,1736.00,0.606,1612470839999,1052.01600,2,0.000,0.00000,0
1612470840000,1736.00,1736.00,1729.77,1730.82,3.420,1612470899999,5934.27323,21,0.186,321.86370,0
1612470900000,1730.35,1734.28,1730.35,1730.56,0.408,1612470959999,707.19936,4,0.309,535.88547,0
1612470960000,1730.58,1732.84,1730.58,1732.84,0.432,1612471019999,748.26822,2,0.432,748.26822,0
1612471020000,1730.60,1730.60,1730.60,1730.60,0.058,1612471079999,100.37480,1,0.058,100.37480,0
1612471080000,1730.60,1730.60,1730.60,1730.60,0.309,1612471139999,534.75540,1,0.000,0.00000,0
1612471140000,1730.75,1730.75,1730.34,1730.34,0.123,1612471199999,212.84781,2,0.000,0.00000,0
1612471200000,1730.04,1730.04,1725.15,1725.15,0.211,1612471259999,364.05936,5,0.200,345.04504,0
1612471260000,1725.14,1725.95,1725.13,1725.66,0.334,1612471319999,576.32861,4,0.201,346.85691,0
1612471320000,1725.96,1725.96,1725.69,1725.69,0.369,1612471379999,636.84372,3,0.144,248.50272,0
1612471380000,1725.36,1725.36,1725.08,1725.08,0.215,1612471439999,370.92440,2,0.215,370.92440,0
1612471440000,1727.08,1727.08,1725.56,1725.56,0.181,1612471499999,312.44188,2,0.181,312.44188,0
1612471500000,1724.68,1724.68,1707.60,1707.60,6.403,1612471559999,10969.26335,21,0.000,0.00000,0
1612471560000,1711.07,1711.92,1707.60,1711.92,1.634,1612471619999,2795.47747,4,0.000,0.00000,0
1612471620000,1712.30,1712.30,1712.09,1712.09,0.366,1612471679999,626.64525,4,0.276,472.55715,0
1612471680000,1712.08,1712.08,1712.08,1712.08,0.039,1612471739999,66.77112,1,0.000,0.00000,0
1612471740000,1712.13,1712.13,1711.86,1712.08,0.345,1612471799999,590.67058,4,0.000,0.00000,0
1612471800000,1712.16,1712.16,1712.12,1712.12,0.351,1612471859999,600.95924,2,0.000,0.00000,0
1612471860000,1712.08,1712.08,1712.08,1712.08,0.123,1612471919999,210.58584,1,0.000,0.00000,0
1612471920000,1712.08,1713.15,1711.83,1711.83,0.337,1612471979999,577.05510,5,0.135,231.18270,0
1612471980000,1715.96,1716.37,1711.76,1711.76,1.397,1612472039999,2394.59499,9,0.698,1197.76681,0
1612472040000,1711.76,1716.37,1711.76,1711.76,2.247,1612472099999,3851.48584,7,1.090,1870.84125,0
1612472100000,1712.65,1712.74,1712.65,1712.74,0.442,1612472159999,757.00858,2,0.000,0.00000,0
1612472160000,1712.02,1712.02,1712.02,1712.02,0.272,1612472219999,465.66944,1,0.000,0.00000,0
1612472220000,1712.70,1715.96,1712.70,1715.96,0.308,1612472279999,527.59973,3,0.308,527.59973,0
1612472280000,1713.17,1718.15,1713.17,1718.15,0.724,1612472339999,1243.36362,7,0.606,1041.18978,0
1612472340000,1717.37,1727.88,1716.94,1727.88,2.117,1612472399999,3642.08247,17,1.856,3193.95573,0
1612472400000,1727.25,1727.25,1722.14,1722.14,0.259,1612472459999,447.25360,5,0.207,357.53040,0
1612472460000,1725.22,1726.00,1725.18,1726.00,0.315,1612472519999,543.51130,3,0.196,338.21488,0
1612472520000,1725.09,1726.00,1725.09,1725.13,0.380,1612472579999,655.60031,5,0.380,655.60031,0
1612472580000,1726.00,1727.22,1726.00,1726.39,0.666,1612472639999,1149.54179,3,0.603,1040.77922,0
1612472640000,1726.28,1727.78,1726.28,1726.75,0.414,1612472699999,715.09664,4,0.258,445.76500,0
1612472700000,1727.70,1729.70,1727.16,1729.70,2.193,1612472759999,3789.42292,13,2.032,3511.35016,0
1612472760000,1728.80,1729.70,1724.39,1725.56,0.662,1612472819999,1143.53647,5,0.597,1031.16888,0
1612472820000,1728.00,1728.00,1721.57,1721.57,0.146,1612472879999,251.54778,6,0.008,13.82400,0
1612472880000,1722.57,1729.70,1722.57,1728.36,0.302,1612472939999,521.70822,5,0.302,521.70822,0
1612472940000,1728.61,1728.61,1728.61,1728.61,0.205,1612472999999,354.36505,1,0.000,0.00000,0
1612473000000,1725.39,1725.39,1725.39,1725.39,0.060,1612473059999,103.52340,1,0.000,0.00000,0
1612473060000,1725.39,1725.39,1725.39,1725.39,0.000,1612473119999,0.00000,0,0.000,0.00000,0
1612473120000,1724.39,1724.39,1722.54,1722.55,0.148,1612473179999,254.94614,3,0.143,246.32419,0
1612473180000,1721.58,1721.58,1718.97,1718.97,0.095,1612473239999,163.39031,3,0.000,0.00000,0
1612473240000,1719.00,1720.91,1718.97,1720.91,0.555,1612473299999,954.42867,6,0.000,0.00000,0
1612473300000,1724.39,1727.22,1721.60,1727.22,0.759,1612473359999,1309.29957,8,0.420,725.02047,0
1612473360000,1727.22,1729.58,1725.46,1726.05,0.247,1612473419999,426.78927,4,0.204,352.56912,0
1612473420000,1725.52,1725.52,1722.14,1723.83,0.255,1612473479999,439.82373,6,0.000,0.00000,0
1612473480000,1723.01,1723.09,1723.01,1723.09,0.353,1612473539999,608.24213,2,0.245,422.15705,0
1612473540000,1722.60,1723.19,1722.60,1723.19,0.208,1612473599999,358.39461,2,0.000,0.00000,0
1612473600000,1722.02,1722.02,1719.42,1719.42,0.181,1612473659999,311.53520,4,0.159,273.66078,0
1612473660000,1719.25,1723.39,1719.25,1723.39,0.234,1612473719999,402.67296,2,0.145,249.29125,0
1612473720000,1724.28,1724.28,1721.72,1721.72,0.084,1612473779999,144.62704,2,0.084,144.62704,0
1612473780000,1720.08,1720.24,1720.08,1720.24,0.241,1612473839999,414.56152,2,0.102,175.44816,0
1612473840000,1720.44,1720.44,1719.42,1719.42,0.084,1612473899999,144.46290,2,0.053,91.12926,0
1612473900000,1719.30,1724.36,1719.21,1719.81,0.404,1612473959999,695.20138,5,0.151,260.16547,0
1612473960000,1720.01,1720.01,1710.43,1711.70,0.461,1612474019999,790.87530,14,0.143,244.77736,0
1612474020000,1710.35,1710.35,1708.90,1708.90,0.097,1612474079999,165.77055,4,0.000,0.00000,0
1612474080000,1710.33,1717.95,1710.33,1713.15,2.250,1612474139999,3857.29210,8,1.250,2144.14210,0
1612474140000,1715.96,1717.90,1708.06,1708.06,2.194,1612474199999,3760.03946,7,1.000,1717.89030,0
1612474200000,1708.99,1709.11,1708.99,1709.11,0.135,1612474259999,230.71809,2,0.037,63.23707,0
1612474260000,1713.15,1717.95,1711.80,1714.12,1.271,1612474319999,2182.20604,6,1.005,1726.50580,0
1612474320000,1714.12,1714.12,1714.12,1714.12,0.000,1612474379999,0.00000,0,0.000,0.00000,0
1612474380000,1717.77,1717.77,1715.81,1715.81,0.265,1612474439999,454.83629,3,0.265,454.83629,0
1612474440000,1715.67,1715.67,1714.01,1714.01,0.096,1612474499999,164.60804,2,0.058,99.41258,0
1612474500000,1714.01,1714.24,1714.01,1714.24,0.333,1612474559999,570.79799,2,0.333,570.79799,0
1612474560000,1713.98,1714.41,1713.98,1714.41,0.177,1612474619999,303.40026,2,0.060,102.86460,0
1612474620000,1714.60,1714.60,1714.60,1714.60,0.070,1612474679999,120.02200,1,0.000,0.00000,0
1612474680000,1714.09,1714.13,1713.97,1714.13,0.421,1612474739999,721.61621,3,0.089,152.55401,0
1612474740000,1713.68,1713.96,1710.98,1710.98,0.365,1612474799999,625.19495,5,0.063,107.97948,0
1612474800000,1710.35,1710.35,1707.56,1707.56,0.010,1612474859999,17.08955,2,0.000,0.00000,0
1612474860000,1706.57,1708.05,1706.57,1707.60,0.478,1612474919999,816.20798,5,0.276,471.26252,0
1612474920000,1707.12,1708.21,1707.12,1708.21,0.399,1612474979999,681.35011,4,0.217,370.53149,0
1612474980000,1710.35,1714.28,1698.93,1709.91,5.256,1612475039999,8956.48853,33,0.200,341.34425,0
1612475040000,1709.91,1717.15,1704.77,1715.85,8.160,1612475099999,13982.13045,23,8.031,13761.11820,0
1612475100000,1717.13,1717.14,1711.44,1711.44,1.159,1612475159999,1989.90639,5,0.998,1713.69600,0
1612475160000,1715.96,1717.15,1711.44,1712.43,0.463,1612475219999,793.69428,7,0.278,476.33751,0
1612475220000,1711.44,1717.15,1711.44,1717.15,0.128,1612475279999,219.23618,5,0.079,135.37562,0
1612475280000,1717.15,1717.15,1711.44,1715.38,0.320,1612475339999,548.79172,10,0.159,272.73839,0
1612475340000,1716.00,1717.95,1715.76,1716.12,0.292,1612475399999,501.18398,7,0.154,264.36282,0
1612475400000,1715.00,1715.00,1712.80,1713.45,0.374,1612475459999,640.86179,6,0.340,582.58575,0
1612475460000,1713.89,1717.44,1713.39,1717.44,0.423,1612475519999,725.02207,4,0.247,423.46543,0
1612475520000,1713.95,1719.99,1713.95,1719.99,20.046,1612475579999,34451.27678,11,20.000,34372.43508,0
1612475580000,1719.79,1720.40,1717.30,1717.30,10.184,1612475639999,17514.81622,6,10.184,17514.81622,0
1612475640000,1716.25,1723.11,1710.13,1710.82,20.479,1612475699999,35249.40071,20,20.216,34798.27405,0
1612475700000,1709.84,1709.84,1708.67,1708.67,1.562,1612475759999,2669.24446,4,0.173,295.80232,0
1612475760000,1710.26,1710.26,1708.70,1708.70,0.169,1612475819999,288.97530,3,0.095,162.47470,0
1612475820000,1709.62,1724.56,1709.62,1724.56,0.438,1612475879999,749.78634,12,0.390,667.37370,0
1612475880000,1724.56,1732.90,1715.96,1716.50,48.641,1612475939999,84231.03087,45,48.320,83677.97080,0
1612475940000,1715.50,1715.50,1715.23,1715.23,0.248,1612475999999,425.40821,4,0.077,132.09350,0
1612476000000,1718.76,1729.07,1715.00,1721.58,18.658,1612476059999,32236.49639,52,17.663,30528.27030,0
1612476060000,1718.80,1729.64,1711.06,1711.06,20.818,1612476119999,35951.18669,37,17.871,30886.71250,0
1612476120000,1711.06,1724.77,1711.06,1711.06,1.897,1612476179999,3256.51712,41,0.668,1149.61923,0
1612476180000,1715.96,1724.77,1715.25,1724.77,2.179,1612476239999,3745.54988,61,0.794,1368.53418,0
1612476240000,1722.92,1722.92,1721.58,1722.69,0.258,1612476299999,444.43785,5,0.042,72.36264,0
1612476300000,1727.22,1727.37,1719.38,1720.54,1.453,1612476359999,2504.21200,13,0.005,8.63610,0
1612476360000,1720.37,1728.01,1720.37,1725.63,1.070,1612476419999,1847.72085,8,0.973,1680.83791,0
1612476420000,1727.97,1727.97,1719.30,1726.25,2.753,1612476479999,4751.44586,21,2.402,4146.37856,0
1612476480000,1726.28,1726.28,1719.34,1719.34,0.510,1612476539999,878.81264,13,0.381,656.71836,0
1612476540000,1719.34,1719.34,1717.95,1717.95,1.144,1612476599999,1966.54124,10,0.000,0.00000,0
1612476600000,1719.05,1724.00,1719.05,1720.60,0.187,1612476659999,321.56220,5,0.137,235.60820,0
1612476660000,1719.52,1723.29,1717.04,1717.04,1.207,1612476719999,2076.11613,5,0.500,861.64500,0
1612476720000,1717.89,1721.55,1717.04,1718.27,0.942,1612476779999,1620.81786,4,0.700,1205.08500,0
1612476780000,1718.48,1718.48,1716.80,1716.80,0.206,1612476839999,353.90272,2,0.144,247.46112,0
1612476840000,1716.86,1716.96,1705.19,1706.37,1.598,1612476899999,2731.47939,15,0.322,549.30854,0
1612476900000,1709.40,1714.28,1704.77,1704.77,3.502,1612476959999,5983.74489,12,1.021,1747.88910,0
1612476960000,1705.78,1706.18,1705.78,1706.18,0.212,1612477019999,361.65936,2,0.085,145.02530,0
1612477020000,1708.16,1713.13,1706.36,1707.57,2.568,1612477079999,4393.07885,7,2.370,4054.86941,0
1612477080000,1707.56,1707.56,1699.20,1699.97,0.500,1612477139999,850.66975,12,0.228,387.60464,0
1612477140000,1699.20,1705.59,1697.84,1699.20,2.147,1612477199999,3653.16950,17,1.000,1704.56201,0
1612477200000,1699.70,1699.72,1699.57,1699.72,0.273,1612477259999,464.01041,3,0.196,333.13197,0
1612477260000,1699.17,1699.17,1691.92,1691.92,2.484,1612477319999,4208.66367,18,0.125,211.57387,0
1612477320000,1691.92,1694.50,1691.92,1694.50,0.534,1612477379999,903.86826,8,0.093,157.57654,0
1612477380000,1693.23,1696.52,1687.74,1687.74,1.711,1612477439999,2896.15847,18,1.523,2578.15960,0
1612477440000,1687.74,1688.73,1687.74,1687.74,0.758,1612477499999,1279.53293,10,0.000,0.00000,0
1612477500000,1688.52,1693.72,1686.16,1686.16,4.223,1612477559999,7133.41431,31,0.139,235.35662,0
1612477560000,1686.16,1686.16,1680.00,1686.10,6.180,1612477619999,10404.27720,33,0.203,342.27465,0
1612477620000,1688.13,1688.20,1686.38,1686.38,1.282,1612477679999,2164.07367,3,1.173,1980.25825,0
1612477680000,1686.31,1700.53,1682.62,1682.62,12.972,1612477739999,21950.70395,39,7.405,12553.96780,0
1612477740000,1682.62,1683.18,1682.62,1682.62,0.195,1612477799999,328.12938,3,0.033,55.54494,0
1612477800000,1685.37,1687.70,1682.62,1686.18,1.003,1612477859999,1691.52677,7,0.846,1427.35543,0
1612477860000,1686.36,1687.83,1686.36,1687.83,0.192,1612477919999,323.83992,2,0.152,256.32672,0
1612477920000,1688.13,1690.37,1685.31,1687.72,2.922,1612477979999,4931.53629,9,1.243,2100.89952,0
1612477980000,1687.76,1687.76,1687.66,1687.66,0.391,1612478039999,659.89980,3,0.391,659.89980,0
1612478040000,1687.62,1687.62,1687.62,1687.62,0.191,1612478099999,322.33542,1,0.191,322.33542,0
1612478100000,1687.46,1687.46,1682.64,1687.12,4.876,1612478159999,8221.50434,7,0.000,0.00000,0
1612478160000,1687.15,1687.15,1687.15,1687.15,0.101,1612478219999,170.40215,1,0.101,170.40215,0
1612478220000,1686.63,1692.24,1682.69,1692.24,0.557,1612478279999,939.35782,12,0.146,246.49132,0
1612478280000,1688.16,1692.49,1688.16,1692.49,0.397,1612478339999,671.32493,4,0.129,218.33121,0
1612478340000,1692.31,1693.64,1691.92,1692.71,0.685,1612478399999,1159.37136,7,0.392,663.58636,0
1612478400000,1692.59,1693.64,1692.27,1692.27,0.185,1612478459999,313.10684,3,0.074,125.22935,0
1612478460000,1693.48,1693.53,1693.48,1693.53,0.715,1612478519999,1210.86820,2,0.000,0.00000,0
1612478520000,1693.66,1695.54,1693.66,1695.54,0.006,1612478579999,10.16384,2,0.006,10.16384,0
1612478580000,1696.27,1697.50,1696.01,1697.50,1.400,1612478639999,2375.90449,6,1.214,2060.19738,0
1612478640000,1697.43,1697.43,1697.26,1697.26,0.285,1612478699999,483.74596,2,0.000,0.00000,0
1612478700000,1697.49,1698.70,1692.59,1692.59,2.679,1612478759999,4536.60149,8,0.144,244.45414,0
1612478760000,1692.59,1692.59,1687.83,1687.83,1.011,1612478819999,1709.26221,8,0.000,0.00000,0
1612478820000,1688.82,1689.95,1688.82,1689.95,0.321,1612478879999,542.29541,2,0.158,266.83356,0
1612478880000,1689.35,1690.89,1688.14,1688.14,3.358,1612478939999,5669.98666,5,0.466,787.83770,0
1612478940000,1692.57,1692.69,1688.14,1692.29,0.421,1612478999999,712.09010,5,0.000,0.00000,0
1612479000000,1691.95,1692.05,1688.20,1692.05,0.341,1612479059999,576.49870,3,0.050,84.60250,0
1612479060000,1692.27,1693.66,1692.27,1693.19,0.273,1612479119999,462.22164,5,0.127,215.06980,0
1612479120000,1690.92,1694.58,1690.92,1694.58,0.115,1612479179999,194.56560,3,0.030,50.83740,0
1612479180000,1695.84,1695.90,1695.84,1695.90,0.093,1612479239999,157.71594,2,0.047,79.70730,0
1612479240000,1695.83,1695.83,1695.65,1695.77,0.303,1612479299999,513.81195,3,0.126,213.67458,0
1612479300000,1695.57,1698.70,1695.57,1697.62,0.262,1612479359999,444.75340,8,0.225,382.01731,0
1612479360000,1697.65,1697.65,1697.41,1697.41,0.216,1612479419999,366.67896,2,0.160,271.62400,0
1612479420000,1697.21,1698.70,1697.21,1698.70,0.815,1612479479999,1383.99191,5,0.616,1046.21986,0
1612479480000,1698.32,1705.59,1696.01,1705.59,1.874,1612479539999,3189.67533,10,1.290,2198.81913,0
1612479540000,1705.59,1705.59,1704.22,1704.22,0.298,1612479599999,508.05806,4,0.298,508.05806,0
1612479600000,1704.35,1704.98,1704.35,1704.73,0.398,1612479659999,678.49254,3,0.106,180.70138,0
1612479660000,1704.97,1705.59,1701.99,1704.89,0.916,1612479719999,1561.92641,6,0.795,1355.62802,0
1612479720000,1704.98,1704.98,1704.93,1704.93,0.280,1612479779999,477.38670,2,0.000,0.00000,0
1612479780000,1705.10,1705.30,1704.83,1704.83,0.317,1612479839999,540.51283,3,0.236,402.42160,0
1612479840000,1705.34,1705.47,1705.17,1705.47,0.402,1612479899999,685.51701,3,0.049,83.56803,0
1612479900000,1704.69,1704.69,1703.97,1704.20,0.475,1612479959999,809.57930,3,0.000,0.00000,0
1612479960000,1704.21,1704.21,1700.31,1700.31,1.546,1612480019999,2629.70430,6,0.057,97.13712,0
1612480020000,1701.16,1701.16,1701.07,1701.07,0.232,1612480079999,394.65238,2,0.000,0.00000,0
1612480080000,1701.14,1701.14,1701.14,1701.14,0.158,1612480139999,268.78012,1,0.158,268.78012,0
1612480140000,1701.30,1701.30,1701.30,1701.30,0.044,1612480199999,74.85720,1,0.044,74.85720,0
1612480200000,1701.24,1701.24,1701.24,1701.24,0.084,1612480259999,142.90416,1,0.084,142.90416,0
1612480260000,1700.31,1700.31,1693.66,1698.12,1.417,1612480319999,2406.84014,12,0.099,168.11388,0
1612480320000,1697.90,1698.19,1697.34,1698.19,0.408,1612480379999,692.75408,3,0.136,230.91440,0
1612480380000,1698.27,1698.27,1697.92,1697.92,0.130,1612480439999,220.74850,2,0.076,129.04192,0
1612480440000,1699.20,1700.73,1699.20,1700.73,0.171,1612480499999,290.66571,3,0.104,176.71680,0
1612480500000,1697.97,1698.51,1697.97,1698.37,0.324,1612480559999,550.25046,3,0.091,154.51527,0
1612480560000,1697.44,1697.59,1697.44,1697.49,0.287,1612480619999,487.18178,3,0.287,487.18178,0
1612480620000,1697.48,1697.48,1697.48,1697.48,0.136,1612480679999,230.85728,2,0.000,0.00000,0
1612480680000,1697.48,1697.48,1697.48,1697.48,0.000,1612480739999,0.00000,0,0.000,0.00000,0
1612480740000,1696.43,1701.03,1696.43,1701.03,0.468,1612480799999,795.83294,5,0.193,328.26405,0
1612480800000,1700.70,1700.70,1700.70,1700.70,0.090,1612480859999,153.06300,1,0.090,153.06300,0
1612480860000,1700.83,1703.25,1697.01,1697.01,0.210,1612480919999,357.12697,8,0.104,176.94778,0
1612480920000,1697.01,1697.01,1697.01,1697.01,0.028,1612480979999,47.51628,1,0.000,0.00000,0
1612480980000,1700.92,1703.25,1700.89,1702.44,0.577,1612481039999,982.02939,6,0.577,982.02939,0
1612481040000,1699.20,1699.20,1696.43,1698.34,0.340,1612481099999,576.93355,5,0.069,117.18546,0
1612481100000,1698.70,1698.70,1698.64,1698.64,0.238,1612481159999,404.28520,2,0.238,404.28520,0
1612481160000,1698.53,1698.53,1698.53,1698.53,0.232,1612481219999,394.05896,1,0.000,0.00000,0
1612481220000,1699.20,1699.22,1699.20,1699.22,0.081,1612481279999,137.63672,2,0.081,137.63672,0
1612481280000,1699.08,1700.35,1699.08,1700.35,0.228,1612481339999,387.55488,3,0.228,387.55488,0
1612481340000,1700.53,1700.75,1700.53,1700.75,0.100,1612481399999,170.06180,2,0.000,0.00000,0
1612481400000,1700.23,1700.74,1700.23,1700.71,0.316,1612481459999,537.36166,3,0.094,159.86674,0
1612481460000,1700.07,1700.07,1693.66,1693.66,0.709,1612481519999,1202.17659,5,0.000,0.00000,0
1612481520000,1693.66,1697.84,1693.66,1697.84,0.157,1612481579999,266.53998,2,0.152,258.07168,0
1612481580000,1698.09,1699.20,1691.20,1695.54,1.032,1612481639999,1749.10879,12,0.271,460.29401,0
1612481640000,1694.69,1695.54,1694.69,1695.54,0.152,1612481699999,257.65323,2,0.000,0.00000,0
1612481700000,1691.20,1696.43,1691.20,1696.43,0.067,1612481759999,113.59513,3,0.066,111.90393,0
1612481760000,1695.40,1695.43,1695.40,1695.43,0.270,1612481819999,457.76376,2,0.192,325.52256,0
1612481820000,1692.91,1696.42,1688.97,1693.66,4.755,1612481879999,8045.35963,22,1.598,2706.45480,0
1612481880000,1690.89,1690.89,1685.37,1687.37,3.369,1612481939999,5690.09925,18,0.005,8.45445,0
1612481940000,1687.20,1687.20,1677.01,1677.01,2.086,1612481999999,3504.72530,21,0.023,38.59642,0
1612482000000,1677.91,1686.70,1677.19,1686.70,0.636,1612482059999,1069.15133,15,0.636,1069.15133,0
1612482060000,1688.13,1693.66,1688.13,1693.66,2.156,1612482119999,3646.10892,11,2.071,3502.55582,0
1612482120000,1692.67,1693.66,1688.13,1693.66,0.114,1612482179999,192.98955,5,0.108,182.84697,0
1612482180000,1692.54,1692.54,1685.37,1689.93,0.971,1612482239999,1639.19797,6,0.348,588.75028,0
1612482240000,1689.21,1689.21,1689.21,1689.21,0.241,1612482299999,407.09961,1,0.241,407.09961,0
1612482300000,1689.96,1689.96,1675.95,1679.18,3.122,1612482359999,5239.49020,15,0.178,299.59474,0
1612482360000,1679.87,1682.62,1667.00,1667.00,19.416,1612482419999,32518.68230,19,0.009,15.12983,0
1612482420000,1668.31,1690.89,1664.00,1673.57,13.504,1612482479999,22707.52073,77,9.632,16243.61626,0
1612482480000,1673.09,1673.09,1664.00,1664.00,1.478,1612482539999,2469.04549,21,1.080,1805.31729,0
1612482540000,1667.01,1669.19,1664.00,1667.65,0.352,1612482599999,586.61264,10,0.271,451.81769,0
1612482600000,1667.79,1667.86,1667.79,1667.86,0.200,1612482659999,333.56374,2,0.000,0.00000,0
1612482660000,1667.98,1667.98,1664.00,1667.33,3.142,1612482719999,5230.78144,7,0.058,96.69122,0
1612482720000,1668.42,1668.92,1667.92,1668.92,1.310,1612482779999,2185.77462,6,1.031,1720.39164,0
1612482780000,1669.50,1669.50,1664.01,1668.92,1.211,1612482839999,2020.91201,6,1.000,1668.92000,0
1612482840000,1670.23,1670.23,1668.85,1669.41,0.214,1612482899999,357.25848,3,0.180,300.51758,0
1612482900000,1669.74,1669.74,1666.19,1667.38,0.416,1612482959999,694.12133,4,0.182,303.89268,0
1612482960000,1667.54,1667.69,1667.30,1667.30,0.287,1612483019999,478.57156,3,0.181,301.79642,0
1612483020000,1667.78,1670.57,1664.00,1667.83,1.090,1612483079999,1820.12124,8,0.803,1341.41226,0
1612483080000,1664.00,1665.31,1661.31,1665.31,3.071,1612483139999,5108.04429,6,0.076,126.56356,0
1612483140000,1665.82,1665.83,1661.35,1665.83,0.282,1612483199999,469.57917,3,0.000,0.00000,0
